Handle,Title,Body (HTML),Vendor,Product Category,Type,Tags,Published,Option1 Name,Option1 Value,Variant SKU,Variant Price,Variant Inventory Qty,Image Src
bikini-aster-01,Bikini Aster 01,"<p>Bikini Aster 01 de Marianela Vieira. Diseño moderno con cortes cuidadosos, acabados premium y un ajuste pensado para sentir confianza y comodidad.</p>",Marianela Vieira,Bikini,Ropa,"Bikini, Marianela Vieira, bikini, new, bestseller",TRUE,Talla,M,MV-BIK-001,92.00,20,https://images.unsplash.com/photo-1524504388940-b1c1722653e1?auto=format&fit=crop&w=900&q=80
bikini-cala-02,Bikini Cala 02,"<p>Bikini Cala 02 de Marianela Vieira. Diseño moderno con cortes cuidadosos, acabados premium y un ajuste pensado para sentir confianza y comodidad.</p>",Marianela Vieira,Bikini,Ropa,"Bikini, Marianela Vieira, bikini, new, bestseller",TRUE,Talla,M,MV-BIK-002,95.00,20,https://images.unsplash.com/photo-1524504388940-b1c1722653e1?auto=format&fit=crop&w=900&q=80
bikini-luna-03,Bikini Luna 03,"<p>Bikini Luna 03 de Marianela Vieira. Diseño moderno con cortes cuidadosos, acabados premium y un ajuste pensado para sentir confianza y comodidad.</p>",Marianela Vieira,Bikini,Ropa,"Bikini, Marianela Vieira, bikini, new, bestseller",TRUE,Talla,M,MV-BIK-003,98.00,20,https://images.unsplash.com/photo-1524504388940-b1c1722653e1?auto=format&fit=crop&w=900&q=80
bikini-sol-04,Bikini Sol 04,"<p>Bikini Sol 04 de Marianela Vieira. Diseño moderno con cortes cuidadosos, acabados premium y un ajuste pensado para sentir confianza y comodidad.</p>",Marianela Vieira,Bikini,Ropa,"Bikini, Marianela Vieira, bikini, new, bestseller",TRUE,Talla,M,MV-BIK-004,101.00,20,https://images.unsplash.com/photo-1524504388940-b1c1722653e1?auto=format&fit=crop&w=900&q=80
bikini-nube-05,Bikini Nube 05,"<p>Bikini Nube 05 de Marianela Vieira. Diseño moderno con cortes cuidadosos, acabados premium y un ajuste pensado para sentir confianza y comodidad.</p>",Marianela Vieira,Bikini,Ropa,"Bikini, Marianela Vieira, bikini, new, bestseller",TRUE,Talla,M,MV-BIK-005,104.00,20,https://images.unsplash.com/photo-1524504388940-b1c1722653e1?auto=format&fit=crop&w=900&q=80
bikini-marea-06,Bikini Marea 06,"<p>Bikini Marea 06 de Marianela Vieira. Diseño moderno con cortes cuidadosos, acabados premium y un ajuste pensado para sentir confianza y comodidad.</p>",Marianela Vieira,Bikini,Ropa,"Bikini, Marianela Vieira, bikini, new, bestseller",TRUE,Talla,M,MV-BIK-006,89.00,20,https://images.unsplash.com/photo-1524504388940-b1c1722653e1?auto=format&fit=crop&w=900&q=80
bikini-pera-07,Bikini Pera 07,"<p>Bikini Pera 07 de Marianela Vieira. Diseño moderno con cortes cuidadosos, acabados premium y un ajuste pensado para sentir confianza y comodidad.</p>",Marianela Vieira,Bikini,Ropa,"Bikini, Marianela Vieira, bikini, new, bestseller",TRUE,Talla,M,MV-BIK-007,92.00,20,https://images.unsplash.com/photo-1524504388940-b1c1722653e1?auto=format&fit=crop&w=900&q=80
bikini-milo-08,Bikini Milo 08,"<p>Bikini Milo 08 de Marianela Vieira. Diseño moderno con cortes cuidadosos, acabados premium y un ajuste pensado para sentir confianza y comodidad.</p>",Marianela Vieira,Bikini,Ropa,"Bikini, Marianela Vieira, bikini, new, bestseller",TRUE,Talla,M,MV-BIK-008,95.00,20,https://images.unsplash.com/photo-1524504388940-b1c1722653e1?auto=format&fit=crop&w=900&q=80
bikini-rayo-09,Bikini Rayo 09,"<p>Bikini Rayo 09 de Marianela Vieira. Diseño moderno con cortes cuidadosos, acabados premium y un ajuste pensado para sentir confianza y comodidad.</p>",Marianela Vieira,Bikini,Ropa,"Bikini, Marianela Vieira, bikini, new, sale",TRUE,Talla,M,MV-BIK-009,98.00,20,https://images.unsplash.com/photo-1524504388940-b1c1722653e1?auto=format&fit=crop&w=900&q=80
bikini-cielo-10,Bikini Cielo 10,"<p>Bikini Cielo 10 de Marianela Vieira. Diseño moderno con cortes cuidadosos, acabados premium y un ajuste pensado para sentir confianza y comodidad.</p>",Marianela Vieira,Bikini,Ropa,"Bikini, Marianela Vieira, bikini, new, bestseller",TRUE,Talla,M,MV-BIK-010,101.00,20,https://images.unsplash.com/photo-1524504388940-b1c1722653e1?auto=format&fit=crop&w=900&q=80
bikini-aster-11,Bikini Aster 11,"<p>Bikini Aster 11 de Marianela Vieira. Diseño moderno con cortes cuidadosos, acabados premium y un ajuste pensado para sentir confianza y comodidad.</p>",Marianela Vieira,Bikini,Ropa,"Bikini, Marianela Vieira, bikini, new, bestseller",TRUE,Talla,M,MV-BIK-011,104.00,20,https://images.unsplash.com/photo-1524504388940-b1c1722653e1?auto=format&fit=crop&w=900&q=80
bikini-cala-12,Bikini Cala 12,"<p>Bikini Cala 12 de Marianela Vieira. Diseño moderno con cortes cuidadosos, acabados premium y un ajuste pensado para sentir confianza y comodidad.</p>",Marianela Vieira,Bikini,Ropa,"Bikini, Marianela Vieira, bikini, new, bestseller",TRUE,Talla,M,MV-BIK-012,89.00,20,https://images.unsplash.com/photo-1524504388940-b1c1722653e1?auto=format&fit=crop&w=900&q=80
bikini-luna-13,Bikini Luna 13,"<p>Bikini Luna 13 de Marianela Vieira. Diseño moderno con cortes cuidadosos, acabados premium y un ajuste pensado para sentir confianza y comodidad.</p>",Marianela Vieira,Bikini,Ropa,"Bikini, Marianela Vieira, bikini, new, bestseller",TRUE,Talla,M,MV-BIK-013,92.00,20,https://images.unsplash.com/photo-1524504388940-b1c1722653e1?auto=format&fit=crop&w=900&q=80
bikini-sol-14,Bikini Sol 14,"<p>Bikini Sol 14 de Marianela Vieira. Diseño moderno con cortes cuidadosos, acabados premium y un ajuste pensado para sentir confianza y comodidad.</p>",Marianela Vieira,Bikini,Ropa,"Bikini, Marianela Vieira, bikini, new, bestseller",TRUE,Talla,M,MV-BIK-014,95.00,20,https://images.unsplash.com/photo-1524504388940-b1c1722653e1?auto=format&fit=crop&w=900&q=80
bikini-nube-15,Bikini Nube 15,"<p>Bikini Nube 15 de Marianela Vieira. Diseño moderno con cortes cuidadosos, acabados premium y un ajuste pensado para sentir confianza y comodidad.</p>",Marianela Vieira,Bikini,Ropa,"Bikini, Marianela Vieira, bikini, new, bestseller",TRUE,Talla,M,MV-BIK-015,98.00,20,https://images.unsplash.com/photo-1524504388940-b1c1722653e1?auto=format&fit=crop&w=900&q=80
bikini-marea-16,Bikini Marea 16,"<p>Bikini Marea 16 de Marianela Vieira. Diseño moderno con cortes cuidadosos, acabados premium y un ajuste pensado para sentir confianza y comodidad.</p>",Marianela Vieira,Bikini,Ropa,"Bikini, Marianela Vieira, bikini, featured, bestseller",TRUE,Talla,M,MV-BIK-016,101.00,20,https://images.unsplash.com/photo-1524504388940-b1c1722653e1?auto=format&fit=crop&w=900&q=80
bikini-pera-17,Bikini Pera 17,"<p>Bikini Pera 17 de Marianela Vieira. Diseño moderno con cortes cuidadosos, acabados premium y un ajuste pensado para sentir confianza y comodidad.</p>",Marianela Vieira,Bikini,Ropa,"Bikini, Marianela Vieira, bikini, featured, bestseller",TRUE,Talla,M,MV-BIK-017,104.00,20,https://images.unsplash.com/photo-1524504388940-b1c1722653e1?auto=format&fit=crop&w=900&q=80
bikini-milo-18,Bikini Milo 18,"<p>Bikini Milo 18 de Marianela Vieira. Diseño moderno con cortes cuidadosos, acabados premium y un ajuste pensado para sentir confianza y comodidad.</p>",Marianela Vieira,Bikini,Ropa,"Bikini, Marianela Vieira, bikini, featured, sale",TRUE,Talla,M,MV-BIK-018,89.00,20,https://images.unsplash.com/photo-1524504388940-b1c1722653e1?auto=format&fit=crop&w=900&q=80
bikini-rayo-19,Bikini Rayo 19,"<p>Bikini Rayo 19 de Marianela Vieira. Diseño moderno con cortes cuidadosos, acabados premium y un ajuste pensado para sentir confianza y comodidad.</p>",Marianela Vieira,Bikini,Ropa,"Bikini, Marianela Vieira, bikini, featured, bestseller",TRUE,Talla,M,MV-BIK-019,92.00,20,https://images.unsplash.com/photo-1524504388940-b1c1722653e1?auto=format&fit=crop&w=900&q=80
bikini-cielo-20,Bikini Cielo 20,"<p>Bikini Cielo 20 de Marianela Vieira. Diseño moderno con cortes cuidadosos, acabados premium y un ajuste pensado para sentir confianza y comodidad.</p>",Marianela Vieira,Bikini,Ropa,"Bikini, Marianela Vieira, bikini, featured, bestseller",TRUE,Talla,M,MV-BIK-020,95.00,20,https://images.unsplash.com/photo-1524504388940-b1c1722653e1?auto=format&fit=crop&w=900&q=80
bikini-aster-21,Bikini Aster 21,"<p>Bikini Aster 21 de Marianela Vieira. Diseño moderno con cortes cuidadosos, acabados premium y un ajuste pensado para sentir confianza y comodidad.</p>",Marianela Vieira,Bikini,Ropa,"Bikini, Marianela Vieira, bikini, featured, bestseller",TRUE,Talla,M,MV-BIK-021,98.00,20,https://images.unsplash.com/photo-1524504388940-b1c1722653e1?auto=format&fit=crop&w=900&q=80
bikini-cala-22,Bikini Cala 22,"<p>Bikini Cala 22 de Marianela Vieira. Diseño moderno con cortes cuidadosos, acabados premium y un ajuste pensado para sentir confianza y comodidad.</p>",Marianela Vieira,Bikini,Ropa,"Bikini, Marianela Vieira, bikini, featured, bestseller",TRUE,Talla,M,MV-BIK-022,101.00,20,https://images.unsplash.com/photo-1524504388940-b1c1722653e1?auto=format&fit=crop&w=900&q=80
bikini-luna-23,Bikini Luna 23,"<p>Bikini Luna 23 de Marianela Vieira. Diseño moderno con cortes cuidadosos, acabados premium y un ajuste pensado para sentir confianza y comodidad.</p>",Marianela Vieira,Bikini,Ropa,"Bikini, Marianela Vieira, bikini, featured, bestseller",TRUE,Talla,M,MV-BIK-023,104.00,20,https://images.unsplash.com/photo-1524504388940-b1c1722653e1?auto=format&fit=crop&w=900&q=80
bikini-sol-24,Bikini Sol 24,"<p>Bikini Sol 24 de Marianela Vieira. Diseño moderno con cortes cuidadosos, acabados premium y un ajuste pensado para sentir confianza y comodidad.</p>",Marianela Vieira,Bikini,Ropa,"Bikini, Marianela Vieira, bikini, featured, bestseller",TRUE,Talla,M,MV-BIK-024,89.00,20,https://images.unsplash.com/photo-1524504388940-b1c1722653e1?auto=format&fit=crop&w=900&q=80
bikini-nube-25,Bikini Nube 25,"<p>Bikini Nube 25 de Marianela Vieira. Diseño moderno con cortes cuidadosos, acabados premium y un ajuste pensado para sentir confianza y comodidad.</p>",Marianela Vieira,Bikini,Ropa,"Bikini, Marianela Vieira, bikini, featured, bestseller",TRUE,Talla,M,MV-BIK-025,92.00,20,https://images.unsplash.com/photo-1524504388940-b1c1722653e1?auto=format&fit=crop&w=900&q=80
bikini-marea-26,Bikini Marea 26,"<p>Bikini Marea 26 de Marianela Vieira. Diseño moderno con cortes cuidadosos, acabados premium y un ajuste pensado para sentir confianza y comodidad.</p>",Marianela Vieira,Bikini,Ropa,"Bikini, Marianela Vieira, bikini, featured, bestseller",TRUE,Talla,M,MV-BIK-026,95.00,20,https://images.unsplash.com/photo-1524504388940-b1c1722653e1?auto=format&fit=crop&w=900&q=80
bikini-pera-27,Bikini Pera 27,"<p>Bikini Pera 27 de Marianela Vieira. Diseño moderno con cortes cuidadosos, acabados premium y un ajuste pensado para sentir confianza y comodidad.</p>",Marianela Vieira,Bikini,Ropa,"Bikini, Marianela Vieira, bikini, featured, sale",TRUE,Talla,M,MV-BIK-027,98.00,20,https://images.unsplash.com/photo-1524504388940-b1c1722653e1?auto=format&fit=crop&w=900&q=80
bikini-milo-28,Bikini Milo 28,"<p>Bikini Milo 28 de Marianela Vieira. Diseño moderno con cortes cuidadosos, acabados premium y un ajuste pensado para sentir confianza y comodidad.</p>",Marianela Vieira,Bikini,Ropa,"Bikini, Marianela Vieira, bikini, featured, bestseller",TRUE,Talla,M,MV-BIK-028,101.00,20,https://images.unsplash.com/photo-1524504388940-b1c1722653e1?auto=format&fit=crop&w=900&q=80
bikini-rayo-29,Bikini Rayo 29,"<p>Bikini Rayo 29 de Marianela Vieira. Diseño moderno con cortes cuidadosos, acabados premium y un ajuste pensado para sentir confianza y comodidad.</p>",Marianela Vieira,Bikini,Ropa,"Bikini, Marianela Vieira, bikini, featured, bestseller",TRUE,Talla,M,MV-BIK-029,104.00,20,https://images.unsplash.com/photo-1524504388940-b1c1722653e1?auto=format&fit=crop&w=900&q=80
bikini-cielo-30,Bikini Cielo 30,"<p>Bikini Cielo 30 de Marianela Vieira. Diseño moderno con cortes cuidadosos, acabados premium y un ajuste pensado para sentir confianza y comodidad.</p>",Marianela Vieira,Bikini,Ropa,"Bikini, Marianela Vieira, bikini, featured, bestseller",TRUE,Talla,M,MV-BIK-030,89.00,20,https://images.unsplash.com/photo-1524504388940-b1c1722653e1?auto=format&fit=crop&w=900&q=80
bikini-aster-31,Bikini Aster 31,"<p>Bikini Aster 31 de Marianela Vieira. Diseño moderno con cortes cuidadosos, acabados premium y un ajuste pensado para sentir confianza y comodidad.</p>",Marianela Vieira,Bikini,Ropa,"Bikini, Marianela Vieira, bikini, featured, bestseller",TRUE,Talla,M,MV-BIK-031,92.00,20,https://images.unsplash.com/photo-1524504388940-b1c1722653e1?auto=format&fit=crop&w=900&q=80
bikini-cala-32,Bikini Cala 32,"<p>Bikini Cala 32 de Marianela Vieira. Diseño moderno con cortes cuidadosos, acabados premium y un ajuste pensado para sentir confianza y comodidad.</p>",Marianela Vieira,Bikini,Ropa,"Bikini, Marianela Vieira, bikini, featured, bestseller",TRUE,Talla,M,MV-BIK-032,95.00,20,https://images.unsplash.com/photo-1524504388940-b1c1722653e1?auto=format&fit=crop&w=900&q=80
bikini-luna-33,Bikini Luna 33,"<p>Bikini Luna 33 de Marianela Vieira. Diseño moderno con cortes cuidadosos, acabados premium y un ajuste pensado para sentir confianza y comodidad.</p>",Marianela Vieira,Bikini,Ropa,"Bikini, Marianela Vieira, bikini, featured, bestseller",TRUE,Talla,M,MV-BIK-033,98.00,20,https://images.unsplash.com/photo-1524504388940-b1c1722653e1?auto=format&fit=crop&w=900&q=80
bikini-sol-34,Bikini Sol 34,"<p>Bikini Sol 34 de Marianela Vieira. Diseño moderno con cortes cuidadosos, acabados premium y un ajuste pensado para sentir confianza y comodidad.</p>",Marianela Vieira,Bikini,Ropa,"Bikini, Marianela Vieira, bikini, featured, bestseller",TRUE,Talla,M,MV-BIK-034,101.00,20,https://images.unsplash.com/photo-1524504388940-b1c1722653e1?auto=format&fit=crop&w=900&q=80
bikini-nube-35,Bikini Nube 35,"<p>Bikini Nube 35 de Marianela Vieira. Diseño moderno con cortes cuidadosos, acabados premium y un ajuste pensado para sentir confianza y comodidad.</p>",Marianela Vieira,Bikini,Ropa,"Bikini, Marianela Vieira, bikini, featured, bestseller",TRUE,Talla,M,MV-BIK-035,104.00,20,https://images.unsplash.com/photo-1524504388940-b1c1722653e1?auto=format&fit=crop&w=900&q=80
bikini-marea-36,Bikini Marea 36,"<p>Bikini Marea 36 de Marianela Vieira. Diseño moderno con cortes cuidadosos, acabados premium y un ajuste pensado para sentir confianza y comodidad.</p>",Marianela Vieira,Bikini,Ropa,"Bikini, Marianela Vieira, bikini, featured, sale",TRUE,Talla,M,MV-BIK-036,89.00,20,https://images.unsplash.com/photo-1524504388940-b1c1722653e1?auto=format&fit=crop&w=900&q=80
bikini-pera-37,Bikini Pera 37,"<p>Bikini Pera 37 de Marianela Vieira. Diseño moderno con cortes cuidadosos, acabados premium y un ajuste pensado para sentir confianza y comodidad.</p>",Marianela Vieira,Bikini,Ropa,"Bikini, Marianela Vieira, bikini, featured, bestseller",TRUE,Talla,M,MV-BIK-037,92.00,20,https://images.unsplash.com/photo-1524504388940-b1c1722653e1?auto=format&fit=crop&w=900&q=80
bikini-milo-38,Bikini Milo 38,"<p>Bikini Milo 38 de Marianela Vieira. Diseño moderno con cortes cuidadosos, acabados premium y un ajuste pensado para sentir confianza y comodidad.</p>",Marianela Vieira,Bikini,Ropa,"Bikini, Marianela Vieira, bikini, featured, bestseller",TRUE,Talla,M,MV-BIK-038,95.00,20,https://images.unsplash.com/photo-1524504388940-b1c1722653e1?auto=format&fit=crop&w=900&q=80
bikini-rayo-39,Bikini Rayo 39,"<p>Bikini Rayo 39 de Marianela Vieira. Diseño moderno con cortes cuidadosos, acabados premium y un ajuste pensado para sentir confianza y comodidad.</p>",Marianela Vieira,Bikini,Ropa,"Bikini, Marianela Vieira, bikini, featured, bestseller",TRUE,Talla,M,MV-BIK-039,98.00,20,https://images.unsplash.com/photo-1524504388940-b1c1722653e1?auto=format&fit=crop&w=900&q=80
bikini-cielo-40,Bikini Cielo 40,"<p>Bikini Cielo 40 de Marianela Vieira. Diseño moderno con cortes cuidadosos, acabados premium y un ajuste pensado para sentir confianza y comodidad.</p>",Marianela Vieira,Bikini,Ropa,"Bikini, Marianela Vieira, bikini, featured, bestseller",TRUE,Talla,M,MV-BIK-040,101.00,20,https://images.unsplash.com/photo-1524504388940-b1c1722653e1?auto=format&fit=crop&w=900&q=80
bikini-aster-41,Bikini Aster 41,"<p>Bikini Aster 41 de Marianela Vieira. Diseño moderno con cortes cuidadosos, acabados premium y un ajuste pensado para sentir confianza y comodidad.</p>",Marianela Vieira,Bikini,Ropa,"Bikini, Marianela Vieira, bikini, featured, bestseller",TRUE,Talla,M,MV-BIK-041,104.00,20,https://images.unsplash.com/photo-1524504388940-b1c1722653e1?auto=format&fit=crop&w=900&q=80
bikini-cala-42,Bikini Cala 42,"<p>Bikini Cala 42 de Marianela Vieira. Diseño moderno con cortes cuidadosos, acabados premium y un ajuste pensado para sentir confianza y comodidad.</p>",Marianela Vieira,Bikini,Ropa,"Bikini, Marianela Vieira, bikini, featured, bestseller",TRUE,Talla,M,MV-BIK-042,89.00,20,https://images.unsplash.com/photo-1524504388940-b1c1722653e1?auto=format&fit=crop&w=900&q=80
bikini-luna-43,Bikini Luna 43,"<p>Bikini Luna 43 de Marianela Vieira. Diseño moderno con cortes cuidadosos, acabados premium y un ajuste pensado para sentir confianza y comodidad.</p>",Marianela Vieira,Bikini,Ropa,"Bikini, Marianela Vieira, bikini, featured, bestseller",TRUE,Talla,M,MV-BIK-043,92.00,20,https://images.unsplash.com/photo-1524504388940-b1c1722653e1?auto=format&fit=crop&w=900&q=80
bikini-sol-44,Bikini Sol 44,"<p>Bikini Sol 44 de Marianela Vieira. Diseño moderno con cortes cuidadosos, acabados premium y un ajuste pensado para sentir confianza y comodidad.</p>",Marianela Vieira,Bikini,Ropa,"Bikini, Marianela Vieira, bikini, featured, bestseller",TRUE,Talla,M,MV-BIK-044,95.00,20,https://images.unsplash.com/photo-1524504388940-b1c1722653e1?auto=format&fit=crop&w=900&q=80
bikini-nube-45,Bikini Nube 45,"<p>Bikini Nube 45 de Marianela Vieira. Diseño moderno con cortes cuidadosos, acabados premium y un ajuste pensado para sentir confianza y comodidad.</p>",Marianela Vieira,Bikini,Ropa,"Bikini, Marianela Vieira, bikini, featured, sale",TRUE,Talla,M,MV-BIK-045,98.00,20,https://images.unsplash.com/photo-1524504388940-b1c1722653e1?auto=format&fit=crop&w=900&q=80
bikini-marea-46,Bikini Marea 46,"<p>Bikini Marea 46 de Marianela Vieira. Diseño moderno con cortes cuidadosos, acabados premium y un ajuste pensado para sentir confianza y comodidad.</p>",Marianela Vieira,Bikini,Ropa,"Bikini, Marianela Vieira, bikini, featured, bestseller",TRUE,Talla,M,MV-BIK-046,101.00,20,https://images.unsplash.com/photo-1524504388940-b1c1722653e1?auto=format&fit=crop&w=900&q=80
bikini-pera-47,Bikini Pera 47,"<p>Bikini Pera 47 de Marianela Vieira. Diseño moderno con cortes cuidadosos, acabados premium y un ajuste pensado para sentir confianza y comodidad.</p>",Marianela Vieira,Bikini,Ropa,"Bikini, Marianela Vieira, bikini, featured, bestseller",TRUE,Talla,M,MV-BIK-047,104.00,20,https://images.unsplash.com/photo-1524504388940-b1c1722653e1?auto=format&fit=crop&w=900&q=80
bikini-milo-48,Bikini Milo 48,"<p>Bikini Milo 48 de Marianela Vieira. Diseño moderno con cortes cuidadosos, acabados premium y un ajuste pensado para sentir confianza y comodidad.</p>",Marianela Vieira,Bikini,Ropa,"Bikini, Marianela Vieira, bikini, featured, bestseller",TRUE,Talla,M,MV-BIK-048,89.00,20,https://images.unsplash.com/photo-1524504388940-b1c1722653e1?auto=format&fit=crop&w=900&q=80
bikini-rayo-49,Bikini Rayo 49,"<p>Bikini Rayo 49 de Marianela Vieira. Diseño moderno con cortes cuidadosos, acabados premium y un ajuste pensado para sentir confianza y comodidad.</p>",Marianela Vieira,Bikini,Ropa,"Bikini, Marianela Vieira, bikini, featured, bestseller",TRUE,Talla,M,MV-BIK-049,92.00,20,https://images.unsplash.com/photo-1524504388940-b1c1722653e1?auto=format&fit=crop&w=900&q=80
bikini-cielo-50,Bikini Cielo 50,"<p>Bikini Cielo 50 de Marianela Vieira. Diseño moderno con cortes cuidadosos, acabados premium y un ajuste pensado para sentir confianza y comodidad.</p>",Marianela Vieira,Bikini,Ropa,"Bikini, Marianela Vieira, bikini, featured, bestseller",TRUE,Talla,M,MV-BIK-050,95.00,20,https://images.unsplash.com/photo-1524504388940-b1c1722653e1?auto=format&fit=crop&w=900&q=80
traje-de-bao-riviera-01,Traje de Baño Riviera 01,"<p>Traje de Baño Riviera 01 de Marianela Vieira. Diseño moderno con cortes cuidadosos, acabados premium y un ajuste pensado para sentir confianza y comodidad.</p>",Marianela Vieira,Traje de Baño,Ropa,"Traje de Baño, Marianela Vieira, traje de baño, new, bestseller",TRUE,Talla,M,MV-TRA-001,122.00,20,https://images.unsplash.com/photo-1524504388940-b1c1722653e1?auto=format&fit=crop&w=900&q=80
traje-de-bao-maya-02,Traje de Baño Maya 02,"<p>Traje de Baño Maya 02 de Marianela Vieira. Diseño moderno con cortes cuidadosos, acabados premium y un ajuste pensado para sentir confianza y comodidad.</p>",Marianela Vieira,Traje de Baño,Ropa,"Traje de Baño, Marianela Vieira, traje de baño, new, bestseller",TRUE,Talla,M,MV-TRA-002,125.00,20,https://images.unsplash.com/photo-1524504388940-b1c1722653e1?auto=format&fit=crop&w=900&q=80
traje-de-bao-soleil-03,Traje de Baño Soleil 03,"<p>Traje de Baño Soleil 03 de Marianela Vieira. Diseño moderno con cortes cuidadosos, acabados premium y un ajuste pensado para sentir confianza y comodidad.</p>",Marianela Vieira,Traje de Baño,Ropa,"Traje de Baño, Marianela Vieira, traje de baño, new, bestseller",TRUE,Talla,M,MV-TRA-003,128.00,20,https://images.unsplash.com/photo-1524504388940-b1c1722653e1?auto=format&fit=crop&w=900&q=80
traje-de-bao-lago-04,Traje de Baño Lago 04,"<p>Traje de Baño Lago 04 de Marianela Vieira. Diseño moderno con cortes cuidadosos, acabados premium y un ajuste pensado para sentir confianza y comodidad.</p>",Marianela Vieira,Traje de Baño,Ropa,"Traje de Baño, Marianela Vieira, traje de baño, new, bestseller",TRUE,Talla,M,MV-TRA-004,131.00,20,https://images.unsplash.com/photo-1524504388940-b1c1722653e1?auto=format&fit=crop&w=900&q=80
traje-de-bao-sierra-05,Traje de Baño Sierra 05,"<p>Traje de Baño Sierra 05 de Marianela Vieira. Diseño moderno con cortes cuidadosos, acabados premium y un ajuste pensado para sentir confianza y comodidad.</p>",Marianela Vieira,Traje de Baño,Ropa,"Traje de Baño, Marianela Vieira, traje de baño, new, bestseller",TRUE,Talla,M,MV-TRA-005,134.00,20,https://images.unsplash.com/photo-1524504388940-b1c1722653e1?auto=format&fit=crop&w=900&q=80
traje-de-bao-onda-06,Traje de Baño Onda 06,"<p>Traje de Baño Onda 06 de Marianela Vieira. Diseño moderno con cortes cuidadosos, acabados premium y un ajuste pensado para sentir confianza y comodidad.</p>",Marianela Vieira,Traje de Baño,Ropa,"Traje de Baño, Marianela Vieira, traje de baño, new, bestseller",TRUE,Talla,M,MV-TRA-006,119.00,20,https://images.unsplash.com/photo-1524504388940-b1c1722653e1?auto=format&fit=crop&w=900&q=80
traje-de-bao-carmen-07,Traje de Baño Carmen 07,"<p>Traje de Baño Carmen 07 de Marianela Vieira. Diseño moderno con cortes cuidadosos, acabados premium y un ajuste pensado para sentir confianza y comodidad.</p>",Marianela Vieira,Traje de Baño,Ropa,"Traje de Baño, Marianela Vieira, traje de baño, new, bestseller",TRUE,Talla,M,MV-TRA-007,122.00,20,https://images.unsplash.com/photo-1524504388940-b1c1722653e1?auto=format&fit=crop&w=900&q=80
traje-de-bao-arenal-08,Traje de Baño Arenal 08,"<p>Traje de Baño Arenal 08 de Marianela Vieira. Diseño moderno con cortes cuidadosos, acabados premium y un ajuste pensado para sentir confianza y comodidad.</p>",Marianela Vieira,Traje de Baño,Ropa,"Traje de Baño, Marianela Vieira, traje de baño, new, bestseller",TRUE,Talla,M,MV-TRA-008,125.00,20,https://images.unsplash.com/photo-1524504388940-b1c1722653e1?auto=format&fit=crop&w=900&q=80
traje-de-bao-nora-09,Traje de Baño Nora 09,"<p>Traje de Baño Nora 09 de Marianela Vieira. Diseño moderno con cortes cuidadosos, acabados premium y un ajuste pensado para sentir confianza y comodidad.</p>",Marianela Vieira,Traje de Baño,Ropa,"Traje de Baño, Marianela Vieira, traje de baño, new, sale",TRUE,Talla,M,MV-TRA-009,128.00,20,https://images.unsplash.com/photo-1524504388940-b1c1722653e1?auto=format&fit=crop&w=900&q=80
traje-de-bao-amanecer-10,Traje de Baño Amanecer 10,"<p>Traje de Baño Amanecer 10 de Marianela Vieira. Diseño moderno con cortes cuidadosos, acabados premium y un ajuste pensado para sentir confianza y comodidad.</p>",Marianela Vieira,Traje de Baño,Ropa,"Traje de Baño, Marianela Vieira, traje de baño, new, bestseller",TRUE,Talla,M,MV-TRA-010,131.00,20,https://images.unsplash.com/photo-1524504388940-b1c1722653e1?auto=format&fit=crop&w=900&q=80
traje-de-bao-riviera-11,Traje de Baño Riviera 11,"<p>Traje de Baño Riviera 11 de Marianela Vieira. Diseño moderno con cortes cuidadosos, acabados premium y un ajuste pensado para sentir confianza y comodidad.</p>",Marianela Vieira,Traje de Baño,Ropa,"Traje de Baño, Marianela Vieira, traje de baño, new, bestseller",TRUE,Talla,M,MV-TRA-011,134.00,20,https://images.unsplash.com/photo-1524504388940-b1c1722653e1?auto=format&fit=crop&w=900&q=80
traje-de-bao-maya-12,Traje de Baño Maya 12,"<p>Traje de Baño Maya 12 de Marianela Vieira. Diseño moderno con cortes cuidadosos, acabados premium y un ajuste pensado para sentir confianza y comodidad.</p>",Marianela Vieira,Traje de Baño,Ropa,"Traje de Baño, Marianela Vieira, traje de baño, new, bestseller",TRUE,Talla,M,MV-TRA-012,119.00,20,https://images.unsplash.com/photo-1524504388940-b1c1722653e1?auto=format&fit=crop&w=900&q=80
traje-de-bao-soleil-13,Traje de Baño Soleil 13,"<p>Traje de Baño Soleil 13 de Marianela Vieira. Diseño moderno con cortes cuidadosos, acabados premium y un ajuste pensado para sentir confianza y comodidad.</p>",Marianela Vieira,Traje de Baño,Ropa,"Traje de Baño, Marianela Vieira, traje de baño, new, bestseller",TRUE,Talla,M,MV-TRA-013,122.00,20,https://images.unsplash.com/photo-1524504388940-b1c1722653e1?auto=format&fit=crop&w=900&q=80
traje-de-bao-lago-14,Traje de Baño Lago 14,"<p>Traje de Baño Lago 14 de Marianela Vieira. Diseño moderno con cortes cuidadosos, acabados premium y un ajuste pensado para sentir confianza y comodidad.</p>",Marianela Vieira,Traje de Baño,Ropa,"Traje de Baño, Marianela Vieira, traje de baño, new, bestseller",TRUE,Talla,M,MV-TRA-014,125.00,20,https://images.unsplash.com/photo-1524504388940-b1c1722653e1?auto=format&fit=crop&w=900&q=80
traje-de-bao-sierra-15,Traje de Baño Sierra 15,"<p>Traje de Baño Sierra 15 de Marianela Vieira. Diseño moderno con cortes cuidadosos, acabados premium y un ajuste pensado para sentir confianza y comodidad.</p>",Marianela Vieira,Traje de Baño,Ropa,"Traje de Baño, Marianela Vieira, traje de baño, new, bestseller",TRUE,Talla,M,MV-TRA-015,128.00,20,https://images.unsplash.com/photo-1524504388940-b1c1722653e1?auto=format&fit=crop&w=900&q=80
traje-de-bao-onda-16,Traje de Baño Onda 16,"<p>Traje de Baño Onda 16 de Marianela Vieira. Diseño moderno con cortes cuidadosos, acabados premium y un ajuste pensado para sentir confianza y comodidad.</p>",Marianela Vieira,Traje de Baño,Ropa,"Traje de Baño, Marianela Vieira, traje de baño, featured, bestseller",TRUE,Talla,M,MV-TRA-016,131.00,20,https://images.unsplash.com/photo-1524504388940-b1c1722653e1?auto=format&fit=crop&w=900&q=80
traje-de-bao-carmen-17,Traje de Baño Carmen 17,"<p>Traje de Baño Carmen 17 de Marianela Vieira. Diseño moderno con cortes cuidadosos, acabados premium y un ajuste pensado para sentir confianza y comodidad.</p>",Marianela Vieira,Traje de Baño,Ropa,"Traje de Baño, Marianela Vieira, traje de baño, featured, bestseller",TRUE,Talla,M,MV-TRA-017,134.00,20,https://images.unsplash.com/photo-1524504388940-b1c1722653e1?auto=format&fit=crop&w=900&q=80
traje-de-bao-arenal-18,Traje de Baño Arenal 18,"<p>Traje de Baño Arenal 18 de Marianela Vieira. Diseño moderno con cortes cuidadosos, acabados premium y un ajuste pensado para sentir confianza y comodidad.</p>",Marianela Vieira,Traje de Baño,Ropa,"Traje de Baño, Marianela Vieira, traje de baño, featured, sale",TRUE,Talla,M,MV-TRA-018,119.00,20,https://images.unsplash.com/photo-1524504388940-b1c1722653e1?auto=format&fit=crop&w=900&q=80
traje-de-bao-nora-19,Traje de Baño Nora 19,"<p>Traje de Baño Nora 19 de Marianela Vieira. Diseño moderno con cortes cuidadosos, acabados premium y un ajuste pensado para sentir confianza y comodidad.</p>",Marianela Vieira,Traje de Baño,Ropa,"Traje de Baño, Marianela Vieira, traje de baño, featured, bestseller",TRUE,Talla,M,MV-TRA-019,122.00,20,https://images.unsplash.com/photo-1524504388940-b1c1722653e1?auto=format&fit=crop&w=900&q=80
traje-de-bao-amanecer-20,Traje de Baño Amanecer 20,"<p>Traje de Baño Amanecer 20 de Marianela Vieira. Diseño moderno con cortes cuidadosos, acabados premium y un ajuste pensado para sentir confianza y comodidad.</p>",Marianela Vieira,Traje de Baño,Ropa,"Traje de Baño, Marianela Vieira, traje de baño, featured, bestseller",TRUE,Talla,M,MV-TRA-020,125.00,20,https://images.unsplash.com/photo-1524504388940-b1c1722653e1?auto=format&fit=crop&w=900&q=80
traje-de-bao-riviera-21,Traje de Baño Riviera 21,"<p>Traje de Baño Riviera 21 de Marianela Vieira. Diseño moderno con cortes cuidadosos, acabados premium y un ajuste pensado para sentir confianza y comodidad.</p>",Marianela Vieira,Traje de Baño,Ropa,"Traje de Baño, Marianela Vieira, traje de baño, featured, bestseller",TRUE,Talla,M,MV-TRA-021,128.00,20,https://images.unsplash.com/photo-1524504388940-b1c1722653e1?auto=format&fit=crop&w=900&q=80
traje-de-bao-maya-22,Traje de Baño Maya 22,"<p>Traje de Baño Maya 22 de Marianela Vieira. Diseño moderno con cortes cuidadosos, acabados premium y un ajuste pensado para sentir confianza y comodidad.</p>",Marianela Vieira,Traje de Baño,Ropa,"Traje de Baño, Marianela Vieira, traje de baño, featured, bestseller",TRUE,Talla,M,MV-TRA-022,131.00,20,https://images.unsplash.com/photo-1524504388940-b1c1722653e1?auto=format&fit=crop&w=900&q=80
traje-de-bao-soleil-23,Traje de Baño Soleil 23,"<p>Traje de Baño Soleil 23 de Marianela Vieira. Diseño moderno con cortes cuidadosos, acabados premium y un ajuste pensado para sentir confianza y comodidad.</p>",Marianela Vieira,Traje de Baño,Ropa,"Traje de Baño, Marianela Vieira, traje de baño, featured, bestseller",TRUE,Talla,M,MV-TRA-023,134.00,20,https://images.unsplash.com/photo-1524504388940-b1c1722653e1?auto=format&fit=crop&w=900&q=80
traje-de-bao-lago-24,Traje de Baño Lago 24,"<p>Traje de Baño Lago 24 de Marianela Vieira. Diseño moderno con cortes cuidadosos, acabados premium y un ajuste pensado para sentir confianza y comodidad.</p>",Marianela Vieira,Traje de Baño,Ropa,"Traje de Baño, Marianela Vieira, traje de baño, featured, bestseller",TRUE,Talla,M,MV-TRA-024,119.00,20,https://images.unsplash.com/photo-1524504388940-b1c1722653e1?auto=format&fit=crop&w=900&q=80
traje-de-bao-sierra-25,Traje de Baño Sierra 25,"<p>Traje de Baño Sierra 25 de Marianela Vieira. Diseño moderno con cortes cuidadosos, acabados premium y un ajuste pensado para sentir confianza y comodidad.</p>",Marianela Vieira,Traje de Baño,Ropa,"Traje de Baño, Marianela Vieira, traje de baño, featured, bestseller",TRUE,Talla,M,MV-TRA-025,122.00,20,https://images.unsplash.com/photo-1524504388940-b1c1722653e1?auto=format&fit=crop&w=900&q=80
traje-de-bao-onda-26,Traje de Baño Onda 26,"<p>Traje de Baño Onda 26 de Marianela Vieira. Diseño moderno con cortes cuidadosos, acabados premium y un ajuste pensado para sentir confianza y comodidad.</p>",Marianela Vieira,Traje de Baño,Ropa,"Traje de Baño, Marianela Vieira, traje de baño, featured, bestseller",TRUE,Talla,M,MV-TRA-026,125.00,20,https://images.unsplash.com/photo-1524504388940-b1c1722653e1?auto=format&fit=crop&w=900&q=80
traje-de-bao-carmen-27,Traje de Baño Carmen 27,"<p>Traje de Baño Carmen 27 de Marianela Vieira. Diseño moderno con cortes cuidadosos, acabados premium y un ajuste pensado para sentir confianza y comodidad.</p>",Marianela Vieira,Traje de Baño,Ropa,"Traje de Baño, Marianela Vieira, traje de baño, featured, sale",TRUE,Talla,M,MV-TRA-027,128.00,20,https://images.unsplash.com/photo-1524504388940-b1c1722653e1?auto=format&fit=crop&w=900&q=80
traje-de-bao-arenal-28,Traje de Baño Arenal 28,"<p>Traje de Baño Arenal 28 de Marianela Vieira. Diseño moderno con cortes cuidadosos, acabados premium y un ajuste pensado para sentir confianza y comodidad.</p>",Marianela Vieira,Traje de Baño,Ropa,"Traje de Baño, Marianela Vieira, traje de baño, featured, bestseller",TRUE,Talla,M,MV-TRA-028,131.00,20,https://images.unsplash.com/photo-1524504388940-b1c1722653e1?auto=format&fit=crop&w=900&q=80
traje-de-bao-nora-29,Traje de Baño Nora 29,"<p>Traje de Baño Nora 29 de Marianela Vieira. Diseño moderno con cortes cuidadosos, acabados premium y un ajuste pensado para sentir confianza y comodidad.</p>",Marianela Vieira,Traje de Baño,Ropa,"Traje de Baño, Marianela Vieira, traje de baño, featured, bestseller",TRUE,Talla,M,MV-TRA-029,134.00,20,https://images.unsplash.com/photo-1524504388940-b1c1722653e1?auto=format&fit=crop&w=900&q=80
traje-de-bao-amanecer-30,Traje de Baño Amanecer 30,"<p>Traje de Baño Amanecer 30 de Marianela Vieira. Diseño moderno con cortes cuidadosos, acabados premium y un ajuste pensado para sentir confianza y comodidad.</p>",Marianela Vieira,Traje de Baño,Ropa,"Traje de Baño, Marianela Vieira, traje de baño, featured, bestseller",TRUE,Talla,M,MV-TRA-030,119.00,20,https://images.unsplash.com/photo-1524504388940-b1c1722653e1?auto=format&fit=crop&w=900&q=80
traje-de-bao-riviera-31,Traje de Baño Riviera 31,"<p>Traje de Baño Riviera 31 de Marianela Vieira. Diseño moderno con cortes cuidadosos, acabados premium y un ajuste pensado para sentir confianza y comodidad.</p>",Marianela Vieira,Traje de Baño,Ropa,"Traje de Baño, Marianela Vieira, traje de baño, featured, bestseller",TRUE,Talla,M,MV-TRA-031,122.00,20,https://images.unsplash.com/photo-1524504388940-b1c1722653e1?auto=format&fit=crop&w=900&q=80
traje-de-bao-maya-32,Traje de Baño Maya 32,"<p>Traje de Baño Maya 32 de Marianela Vieira. Diseño moderno con cortes cuidadosos, acabados premium y un ajuste pensado para sentir confianza y comodidad.</p>",Marianela Vieira,Traje de Baño,Ropa,"Traje de Baño, Marianela Vieira, traje de baño, featured, bestseller",TRUE,Talla,M,MV-TRA-032,125.00,20,https://images.unsplash.com/photo-1524504388940-b1c1722653e1?auto=format&fit=crop&w=900&q=80
traje-de-bao-soleil-33,Traje de Baño Soleil 33,"<p>Traje de Baño Soleil 33 de Marianela Vieira. Diseño moderno con cortes cuidadosos, acabados premium y un ajuste pensado para sentir confianza y comodidad.</p>",Marianela Vieira,Traje de Baño,Ropa,"Traje de Baño, Marianela Vieira, traje de baño, featured, bestseller",TRUE,Talla,M,MV-TRA-033,128.00,20,https://images.unsplash.com/photo-1524504388940-b1c1722653e1?auto=format&fit=crop&w=900&q=80
traje-de-bao-lago-34,Traje de Baño Lago 34,"<p>Traje de Baño Lago 34 de Marianela Vieira. Diseño moderno con cortes cuidadosos, acabados premium y un ajuste pensado para sentir confianza y comodidad.</p>",Marianela Vieira,Traje de Baño,Ropa,"Traje de Baño, Marianela Vieira, traje de baño, featured, bestseller",TRUE,Talla,M,MV-TRA-034,131.00,20,https://images.unsplash.com/photo-1524504388940-b1c1722653e1?auto=format&fit=crop&w=900&q=80
traje-de-bao-sierra-35,Traje de Baño Sierra 35,"<p>Traje de Baño Sierra 35 de Marianela Vieira. Diseño moderno con cortes cuidadosos, acabados premium y un ajuste pensado para sentir confianza y comodidad.</p>",Marianela Vieira,Traje de Baño,Ropa,"Traje de Baño, Marianela Vieira, traje de baño, featured, bestseller",TRUE,Talla,M,MV-TRA-035,134.00,20,https://images.unsplash.com/photo-1524504388940-b1c1722653e1?auto=format&fit=crop&w=900&q=80
traje-de-bao-onda-36,Traje de Baño Onda 36,"<p>Traje de Baño Onda 36 de Marianela Vieira. Diseño moderno con cortes cuidadosos, acabados premium y un ajuste pensado para sentir confianza y comodidad.</p>",Marianela Vieira,Traje de Baño,Ropa,"Traje de Baño, Marianela Vieira, traje de baño, featured, sale",TRUE,Talla,M,MV-TRA-036,119.00,20,https://images.unsplash.com/photo-1524504388940-b1c1722653e1?auto=format&fit=crop&w=900&q=80
traje-de-bao-carmen-37,Traje de Baño Carmen 37,"<p>Traje de Baño Carmen 37 de Marianela Vieira. Diseño moderno con cortes cuidadosos, acabados premium y un ajuste pensado para sentir confianza y comodidad.</p>",Marianela Vieira,Traje de Baño,Ropa,"Traje de Baño, Marianela Vieira, traje de baño, featured, bestseller",TRUE,Talla,M,MV-TRA-037,122.00,20,https://images.unsplash.com/photo-1524504388940-b1c1722653e1?auto=format&fit=crop&w=900&q=80
traje-de-bao-arenal-38,Traje de Baño Arenal 38,"<p>Traje de Baño Arenal 38 de Marianela Vieira. Diseño moderno con cortes cuidadosos, acabados premium y un ajuste pensado para sentir confianza y comodidad.</p>",Marianela Vieira,Traje de Baño,Ropa,"Traje de Baño, Marianela Vieira, traje de baño, featured, bestseller",TRUE,Talla,M,MV-TRA-038,125.00,20,https://images.unsplash.com/photo-1524504388940-b1c1722653e1?auto=format&fit=crop&w=900&q=80
traje-de-bao-nora-39,Traje de Baño Nora 39,"<p>Traje de Baño Nora 39 de Marianela Vieira. Diseño moderno con cortes cuidadosos, acabados premium y un ajuste pensado para sentir confianza y comodidad.</p>",Marianela Vieira,Traje de Baño,Ropa,"Traje de Baño, Marianela Vieira, traje de baño, featured, bestseller",TRUE,Talla,M,MV-TRA-039,128.00,20,https://images.unsplash.com/photo-1524504388940-b1c1722653e1?auto=format&fit=crop&w=900&q=80
traje-de-bao-amanecer-40,Traje de Baño Amanecer 40,"<p>Traje de Baño Amanecer 40 de Marianela Vieira. Diseño moderno con cortes cuidadosos, acabados premium y un ajuste pensado para sentir confianza y comodidad.</p>",Marianela Vieira,Traje de Baño,Ropa,"Traje de Baño, Marianela Vieira, traje de baño, featured, bestseller",TRUE,Talla,M,MV-TRA-040,131.00,20,https://images.unsplash.com/photo-1524504388940-b1c1722653e1?auto=format&fit=crop&w=900&q=80
traje-de-bao-riviera-41,Traje de Baño Riviera 41,"<p>Traje de Baño Riviera 41 de Marianela Vieira. Diseño moderno con cortes cuidadosos, acabados premium y un ajuste pensado para sentir confianza y comodidad.</p>",Marianela Vieira,Traje de Baño,Ropa,"Traje de Baño, Marianela Vieira, traje de baño, featured, bestseller",TRUE,Talla,M,MV-TRA-041,134.00,20,https://images.unsplash.com/photo-1524504388940-b1c1722653e1?auto=format&fit=crop&w=900&q=80
traje-de-bao-maya-42,Traje de Baño Maya 42,"<p>Traje de Baño Maya 42 de Marianela Vieira. Diseño moderno con cortes cuidadosos, acabados premium y un ajuste pensado para sentir confianza y comodidad.</p>",Marianela Vieira,Traje de Baño,Ropa,"Traje de Baño, Marianela Vieira, traje de baño, featured, bestseller",TRUE,Talla,M,MV-TRA-042,119.00,20,https://images.unsplash.com/photo-1524504388940-b1c1722653e1?auto=format&fit=crop&w=900&q=80
traje-de-bao-soleil-43,Traje de Baño Soleil 43,"<p>Traje de Baño Soleil 43 de Marianela Vieira. Diseño moderno con cortes cuidadosos, acabados premium y un ajuste pensado para sentir confianza y comodidad.</p>",Marianela Vieira,Traje de Baño,Ropa,"Traje de Baño, Marianela Vieira, traje de baño, featured, bestseller",TRUE,Talla,M,MV-TRA-043,122.00,20,https://images.unsplash.com/photo-1524504388940-b1c1722653e1?auto=format&fit=crop&w=900&q=80
traje-de-bao-lago-44,Traje de Baño Lago 44,"<p>Traje de Baño Lago 44 de Marianela Vieira. Diseño moderno con cortes cuidadosos, acabados premium y un ajuste pensado para sentir confianza y comodidad.</p>",Marianela Vieira,Traje de Baño,Ropa,"Traje de Baño, Marianela Vieira, traje de baño, featured, bestseller",TRUE,Talla,M,MV-TRA-044,125.00,20,https://images.unsplash.com/photo-1524504388940-b1c1722653e1?auto=format&fit=crop&w=900&q=80
traje-de-bao-sierra-45,Traje de Baño Sierra 45,"<p>Traje de Baño Sierra 45 de Marianela Vieira. Diseño moderno con cortes cuidadosos, acabados premium y un ajuste pensado para sentir confianza y comodidad.</p>",Marianela Vieira,Traje de Baño,Ropa,"Traje de Baño, Marianela Vieira, traje de baño, featured, sale",TRUE,Talla,M,MV-TRA-045,128.00,20,https://images.unsplash.com/photo-1524504388940-b1c1722653e1?auto=format&fit=crop&w=900&q=80
traje-de-bao-onda-46,Traje de Baño Onda 46,"<p>Traje de Baño Onda 46 de Marianela Vieira. Diseño moderno con cortes cuidadosos, acabados premium y un ajuste pensado para sentir confianza y comodidad.</p>",Marianela Vieira,Traje de Baño,Ropa,"Traje de Baño, Marianela Vieira, traje de baño, featured, bestseller",TRUE,Talla,M,MV-TRA-046,131.00,20,https://images.unsplash.com/photo-1524504388940-b1c1722653e1?auto=format&fit=crop&w=900&q=80
traje-de-bao-carmen-47,Traje de Baño Carmen 47,"<p>Traje de Baño Carmen 47 de Marianela Vieira. Diseño moderno con cortes cuidadosos, acabados premium y un ajuste pensado para sentir confianza y comodidad.</p>",Marianela Vieira,Traje de Baño,Ropa,"Traje de Baño, Marianela Vieira, traje de baño, featured, bestseller",TRUE,Talla,M,MV-TRA-047,134.00,20,https://images.unsplash.com/photo-1524504388940-b1c1722653e1?auto=format&fit=crop&w=900&q=80
traje-de-bao-arenal-48,Traje de Baño Arenal 48,"<p>Traje de Baño Arenal 48 de Marianela Vieira. Diseño moderno con cortes cuidadosos, acabados premium y un ajuste pensado para sentir confianza y comodidad.</p>",Marianela Vieira,Traje de Baño,Ropa,"Traje de Baño, Marianela Vieira, traje de baño, featured, bestseller",TRUE,Talla,M,MV-TRA-048,119.00,20,https://images.unsplash.com/photo-1524504388940-b1c1722653e1?auto=format&fit=crop&w=900&q=80
traje-de-bao-nora-49,Traje de Baño Nora 49,"<p>Traje de Baño Nora 49 de Marianela Vieira. Diseño moderno con cortes cuidadosos, acabados premium y un ajuste pensado para sentir confianza y comodidad.</p>",Marianela Vieira,Traje de Baño,Ropa,"Traje de Baño, Marianela Vieira, traje de baño, featured, bestseller",TRUE,Talla,M,MV-TRA-049,122.00,20,https://images.unsplash.com/photo-1524504388940-b1c1722653e1?auto=format&fit=crop&w=900&q=80
traje-de-bao-amanecer-50,Traje de Baño Amanecer 50,"<p>Traje de Baño Amanecer 50 de Marianela Vieira. Diseño moderno con cortes cuidadosos, acabados premium y un ajuste pensado para sentir confianza y comodidad.</p>",Marianela Vieira,Traje de Baño,Ropa,"Traje de Baño, Marianela Vieira, traje de baño, featured, bestseller",TRUE,Talla,M,MV-TRA-050,125.00,20,https://images.unsplash.com/photo-1524504388940-b1c1722653e1?auto=format&fit=crop&w=900&q=80
tankini-duna-01,Tankini Duna 01,"<p>Tankini Duna 01 de Marianela Vieira. Diseño moderno con cortes cuidadosos, acabados premium y un ajuste pensado para sentir confianza y comodidad.</p>",Marianela Vieira,Tankini,Ropa,"Tankini, Marianela Vieira, tankini, new, bestseller",TRUE,Talla,M,MV-TAN-001,102.00,20,https://images.unsplash.com/photo-1524504388940-b1c1722653e1?auto=format&fit=crop&w=900&q=80
tankini-rosal-02,Tankini Rosal 02,"<p>Tankini Rosal 02 de Marianela Vieira. Diseño moderno con cortes cuidadosos, acabados premium y un ajuste pensado para sentir confianza y comodidad.</p>",Marianela Vieira,Tankini,Ropa,"Tankini, Marianela Vieira, tankini, new, bestseller",TRUE,Talla,M,MV-TAN-002,105.00,20,https://images.unsplash.com/photo-1524504388940-b1c1722653e1?auto=format&fit=crop&w=900&q=80
tankini-vela-03,Tankini Vela 03,"<p>Tankini Vela 03 de Marianela Vieira. Diseño moderno con cortes cuidadosos, acabados premium y un ajuste pensado para sentir confianza y comodidad.</p>",Marianela Vieira,Tankini,Ropa,"Tankini, Marianela Vieira, tankini, new, bestseller",TRUE,Talla,M,MV-TAN-003,108.00,20,https://images.unsplash.com/photo-1524504388940-b1c1722653e1?auto=format&fit=crop&w=900&q=80
tankini-luna-04,Tankini Luna 04,"<p>Tankini Luna 04 de Marianela Vieira. Diseño moderno con cortes cuidadosos, acabados premium y un ajuste pensado para sentir confianza y comodidad.</p>",Marianela Vieira,Tankini,Ropa,"Tankini, Marianela Vieira, tankini, new, bestseller",TRUE,Talla,M,MV-TAN-004,111.00,20,https://images.unsplash.com/photo-1524504388940-b1c1722653e1?auto=format&fit=crop&w=900&q=80
tankini-arenal-05,Tankini Arenal 05,"<p>Tankini Arenal 05 de Marianela Vieira. Diseño moderno con cortes cuidadosos, acabados premium y un ajuste pensado para sentir confianza y comodidad.</p>",Marianela Vieira,Tankini,Ropa,"Tankini, Marianela Vieira, tankini, new, bestseller",TRUE,Talla,M,MV-TAN-005,114.00,20,https://images.unsplash.com/photo-1524504388940-b1c1722653e1?auto=format&fit=crop&w=900&q=80
tankini-mistral-06,Tankini Mistral 06,"<p>Tankini Mistral 06 de Marianela Vieira. Diseño moderno con cortes cuidadosos, acabados premium y un ajuste pensado para sentir confianza y comodidad.</p>",Marianela Vieira,Tankini,Ropa,"Tankini, Marianela Vieira, tankini, new, bestseller",TRUE,Talla,M,MV-TAN-006,99.00,20,https://images.unsplash.com/photo-1524504388940-b1c1722653e1?auto=format&fit=crop&w=900&q=80
tankini-nerea-07,Tankini Nerea 07,"<p>Tankini Nerea 07 de Marianela Vieira. Diseño moderno con cortes cuidadosos, acabados premium y un ajuste pensado para sentir confianza y comodidad.</p>",Marianela Vieira,Tankini,Ropa,"Tankini, Marianela Vieira, tankini, new, bestseller",TRUE,Talla,M,MV-TAN-007,102.00,20,https://images.unsplash.com/photo-1524504388940-b1c1722653e1?auto=format&fit=crop&w=900&q=80
tankini-lina-08,Tankini Lina 08,"<p>Tankini Lina 08 de Marianela Vieira. Diseño moderno con cortes cuidadosos, acabados premium y un ajuste pensado para sentir confianza y comodidad.</p>",Marianela Vieira,Tankini,Ropa,"Tankini, Marianela Vieira, tankini, new, bestseller",TRUE,Talla,M,MV-TAN-008,105.00,20,https://images.unsplash.com/photo-1524504388940-b1c1722653e1?auto=format&fit=crop&w=900&q=80
tankini-cora-09,Tankini Cora 09,"<p>Tankini Cora 09 de Marianela Vieira. Diseño moderno con cortes cuidadosos, acabados premium y un ajuste pensado para sentir confianza y comodidad.</p>",Marianela Vieira,Tankini,Ropa,"Tankini, Marianela Vieira, tankini, new, sale",TRUE,Talla,M,MV-TAN-009,108.00,20,https://images.unsplash.com/photo-1524504388940-b1c1722653e1?auto=format&fit=crop&w=900&q=80
tankini-vera-10,Tankini Vera 10,"<p>Tankini Vera 10 de Marianela Vieira. Diseño moderno con cortes cuidadosos, acabados premium y un ajuste pensado para sentir confianza y comodidad.</p>",Marianela Vieira,Tankini,Ropa,"Tankini, Marianela Vieira, tankini, new, bestseller",TRUE,Talla,M,MV-TAN-010,111.00,20,https://images.unsplash.com/photo-1524504388940-b1c1722653e1?auto=format&fit=crop&w=900&q=80
tankini-duna-11,Tankini Duna 11,"<p>Tankini Duna 11 de Marianela Vieira. Diseño moderno con cortes cuidadosos, acabados premium y un ajuste pensado para sentir confianza y comodidad.</p>",Marianela Vieira,Tankini,Ropa,"Tankini, Marianela Vieira, tankini, new, bestseller",TRUE,Talla,M,MV-TAN-011,114.00,20,https://images.unsplash.com/photo-1524504388940-b1c1722653e1?auto=format&fit=crop&w=900&q=80
tankini-rosal-12,Tankini Rosal 12,"<p>Tankini Rosal 12 de Marianela Vieira. Diseño moderno con cortes cuidadosos, acabados premium y un ajuste pensado para sentir confianza y comodidad.</p>",Marianela Vieira,Tankini,Ropa,"Tankini, Marianela Vieira, tankini, new, bestseller",TRUE,Talla,M,MV-TAN-012,99.00,20,https://images.unsplash.com/photo-1524504388940-b1c1722653e1?auto=format&fit=crop&w=900&q=80
tankini-vela-13,Tankini Vela 13,"<p>Tankini Vela 13 de Marianela Vieira. Diseño moderno con cortes cuidadosos, acabados premium y un ajuste pensado para sentir confianza y comodidad.</p>",Marianela Vieira,Tankini,Ropa,"Tankini, Marianela Vieira, tankini, new, bestseller",TRUE,Talla,M,MV-TAN-013,102.00,20,https://images.unsplash.com/photo-1524504388940-b1c1722653e1?auto=format&fit=crop&w=900&q=80
tankini-luna-14,Tankini Luna 14,"<p>Tankini Luna 14 de Marianela Vieira. Diseño moderno con cortes cuidadosos, acabados premium y un ajuste pensado para sentir confianza y comodidad.</p>",Marianela Vieira,Tankini,Ropa,"Tankini, Marianela Vieira, tankini, new, bestseller",TRUE,Talla,M,MV-TAN-014,105.00,20,https://images.unsplash.com/photo-1524504388940-b1c1722653e1?auto=format&fit=crop&w=900&q=80
tankini-arenal-15,Tankini Arenal 15,"<p>Tankini Arenal 15 de Marianela Vieira. Diseño moderno con cortes cuidadosos, acabados premium y un ajuste pensado para sentir confianza y comodidad.</p>",Marianela Vieira,Tankini,Ropa,"Tankini, Marianela Vieira, tankini, new, bestseller",TRUE,Talla,M,MV-TAN-015,108.00,20,https://images.unsplash.com/photo-1524504388940-b1c1722653e1?auto=format&fit=crop&w=900&q=80
tankini-mistral-16,Tankini Mistral 16,"<p>Tankini Mistral 16 de Marianela Vieira. Diseño moderno con cortes cuidadosos, acabados premium y un ajuste pensado para sentir confianza y comodidad.</p>",Marianela Vieira,Tankini,Ropa,"Tankini, Marianela Vieira, tankini, featured, bestseller",TRUE,Talla,M,MV-TAN-016,111.00,20,https://images.unsplash.com/photo-1524504388940-b1c1722653e1?auto=format&fit=crop&w=900&q=80
tankini-nerea-17,Tankini Nerea 17,"<p>Tankini Nerea 17 de Marianela Vieira. Diseño moderno con cortes cuidadosos, acabados premium y un ajuste pensado para sentir confianza y comodidad.</p>",Marianela Vieira,Tankini,Ropa,"Tankini, Marianela Vieira, tankini, featured, bestseller",TRUE,Talla,M,MV-TAN-017,114.00,20,https://images.unsplash.com/photo-1524504388940-b1c1722653e1?auto=format&fit=crop&w=900&q=80
tankini-lina-18,Tankini Lina 18,"<p>Tankini Lina 18 de Marianela Vieira. Diseño moderno con cortes cuidadosos, acabados premium y un ajuste pensado para sentir confianza y comodidad.</p>",Marianela Vieira,Tankini,Ropa,"Tankini, Marianela Vieira, tankini, featured, sale",TRUE,Talla,M,MV-TAN-018,99.00,20,https://images.unsplash.com/photo-1524504388940-b1c1722653e1?auto=format&fit=crop&w=900&q=80
tankini-cora-19,Tankini Cora 19,"<p>Tankini Cora 19 de Marianela Vieira. Diseño moderno con cortes cuidadosos, acabados premium y un ajuste pensado para sentir confianza y comodidad.</p>",Marianela Vieira,Tankini,Ropa,"Tankini, Marianela Vieira, tankini, featured, bestseller",TRUE,Talla,M,MV-TAN-019,102.00,20,https://images.unsplash.com/photo-1524504388940-b1c1722653e1?auto=format&fit=crop&w=900&q=80
tankini-vera-20,Tankini Vera 20,"<p>Tankini Vera 20 de Marianela Vieira. Diseño moderno con cortes cuidadosos, acabados premium y un ajuste pensado para sentir confianza y comodidad.</p>",Marianela Vieira,Tankini,Ropa,"Tankini, Marianela Vieira, tankini, featured, bestseller",TRUE,Talla,M,MV-TAN-020,105.00,20,https://images.unsplash.com/photo-1524504388940-b1c1722653e1?auto=format&fit=crop&w=900&q=80
tankini-duna-21,Tankini Duna 21,"<p>Tankini Duna 21 de Marianela Vieira. Diseño moderno con cortes cuidadosos, acabados premium y un ajuste pensado para sentir confianza y comodidad.</p>",Marianela Vieira,Tankini,Ropa,"Tankini, Marianela Vieira, tankini, featured, bestseller",TRUE,Talla,M,MV-TAN-021,108.00,20,https://images.unsplash.com/photo-1524504388940-b1c1722653e1?auto=format&fit=crop&w=900&q=80
tankini-rosal-22,Tankini Rosal 22,"<p>Tankini Rosal 22 de Marianela Vieira. Diseño moderno con cortes cuidadosos, acabados premium y un ajuste pensado para sentir confianza y comodidad.</p>",Marianela Vieira,Tankini,Ropa,"Tankini, Marianela Vieira, tankini, featured, bestseller",TRUE,Talla,M,MV-TAN-022,111.00,20,https://images.unsplash.com/photo-1524504388940-b1c1722653e1?auto=format&fit=crop&w=900&q=80
tankini-vela-23,Tankini Vela 23,"<p>Tankini Vela 23 de Marianela Vieira. Diseño moderno con cortes cuidadosos, acabados premium y un ajuste pensado para sentir confianza y comodidad.</p>",Marianela Vieira,Tankini,Ropa,"Tankini, Marianela Vieira, tankini, featured, bestseller",TRUE,Talla,M,MV-TAN-023,114.00,20,https://images.unsplash.com/photo-1524504388940-b1c1722653e1?auto=format&fit=crop&w=900&q=80
tankini-luna-24,Tankini Luna 24,"<p>Tankini Luna 24 de Marianela Vieira. Diseño moderno con cortes cuidadosos, acabados premium y un ajuste pensado para sentir confianza y comodidad.</p>",Marianela Vieira,Tankini,Ropa,"Tankini, Marianela Vieira, tankini, featured, bestseller",TRUE,Talla,M,MV-TAN-024,99.00,20,https://images.unsplash.com/photo-1524504388940-b1c1722653e1?auto=format&fit=crop&w=900&q=80
tankini-arenal-25,Tankini Arenal 25,"<p>Tankini Arenal 25 de Marianela Vieira. Diseño moderno con cortes cuidadosos, acabados premium y un ajuste pensado para sentir confianza y comodidad.</p>",Marianela Vieira,Tankini,Ropa,"Tankini, Marianela Vieira, tankini, featured, bestseller",TRUE,Talla,M,MV-TAN-025,102.00,20,https://images.unsplash.com/photo-1524504388940-b1c1722653e1?auto=format&fit=crop&w=900&q=80
tankini-mistral-26,Tankini Mistral 26,"<p>Tankini Mistral 26 de Marianela Vieira. Diseño moderno con cortes cuidadosos, acabados premium y un ajuste pensado para sentir confianza y comodidad.</p>",Marianela Vieira,Tankini,Ropa,"Tankini, Marianela Vieira, tankini, featured, bestseller",TRUE,Talla,M,MV-TAN-026,105.00,20,https://images.unsplash.com/photo-1524504388940-b1c1722653e1?auto=format&fit=crop&w=900&q=80
tankini-nerea-27,Tankini Nerea 27,"<p>Tankini Nerea 27 de Marianela Vieira. Diseño moderno con cortes cuidadosos, acabados premium y un ajuste pensado para sentir confianza y comodidad.</p>",Marianela Vieira,Tankini,Ropa,"Tankini, Marianela Vieira, tankini, featured, sale",TRUE,Talla,M,MV-TAN-027,108.00,20,https://images.unsplash.com/photo-1524504388940-b1c1722653e1?auto=format&fit=crop&w=900&q=80
tankini-lina-28,Tankini Lina 28,"<p>Tankini Lina 28 de Marianela Vieira. Diseño moderno con cortes cuidadosos, acabados premium y un ajuste pensado para sentir confianza y comodidad.</p>",Marianela Vieira,Tankini,Ropa,"Tankini, Marianela Vieira, tankini, featured, bestseller",TRUE,Talla,M,MV-TAN-028,111.00,20,https://images.unsplash.com/photo-1524504388940-b1c1722653e1?auto=format&fit=crop&w=900&q=80
tankini-cora-29,Tankini Cora 29,"<p>Tankini Cora 29 de Marianela Vieira. Diseño moderno con cortes cuidadosos, acabados premium y un ajuste pensado para sentir confianza y comodidad.</p>",Marianela Vieira,Tankini,Ropa,"Tankini, Marianela Vieira, tankini, featured, bestseller",TRUE,Talla,M,MV-TAN-029,114.00,20,https://images.unsplash.com/photo-1524504388940-b1c1722653e1?auto=format&fit=crop&w=900&q=80
tankini-vera-30,Tankini Vera 30,"<p>Tankini Vera 30 de Marianela Vieira. Diseño moderno con cortes cuidadosos, acabados premium y un ajuste pensado para sentir confianza y comodidad.</p>",Marianela Vieira,Tankini,Ropa,"Tankini, Marianela Vieira, tankini, featured, bestseller",TRUE,Talla,M,MV-TAN-030,99.00,20,https://images.unsplash.com/photo-1524504388940-b1c1722653e1?auto=format&fit=crop&w=900&q=80
tankini-duna-31,Tankini Duna 31,"<p>Tankini Duna 31 de Marianela Vieira. Diseño moderno con cortes cuidadosos, acabados premium y un ajuste pensado para sentir confianza y comodidad.</p>",Marianela Vieira,Tankini,Ropa,"Tankini, Marianela Vieira, tankini, featured, bestseller",TRUE,Talla,M,MV-TAN-031,102.00,20,https://images.unsplash.com/photo-1524504388940-b1c1722653e1?auto=format&fit=crop&w=900&q=80
tankini-rosal-32,Tankini Rosal 32,"<p>Tankini Rosal 32 de Marianela Vieira. Diseño moderno con cortes cuidadosos, acabados premium y un ajuste pensado para sentir confianza y comodidad.</p>",Marianela Vieira,Tankini,Ropa,"Tankini, Marianela Vieira, tankini, featured, bestseller",TRUE,Talla,M,MV-TAN-032,105.00,20,https://images.unsplash.com/photo-1524504388940-b1c1722653e1?auto=format&fit=crop&w=900&q=80
tankini-vela-33,Tankini Vela 33,"<p>Tankini Vela 33 de Marianela Vieira. Diseño moderno con cortes cuidadosos, acabados premium y un ajuste pensado para sentir confianza y comodidad.</p>",Marianela Vieira,Tankini,Ropa,"Tankini, Marianela Vieira, tankini, featured, bestseller",TRUE,Talla,M,MV-TAN-033,108.00,20,https://images.unsplash.com/photo-1524504388940-b1c1722653e1?auto=format&fit=crop&w=900&q=80
tankini-luna-34,Tankini Luna 34,"<p>Tankini Luna 34 de Marianela Vieira. Diseño moderno con cortes cuidadosos, acabados premium y un ajuste pensado para sentir confianza y comodidad.</p>",Marianela Vieira,Tankini,Ropa,"Tankini, Marianela Vieira, tankini, featured, bestseller",TRUE,Talla,M,MV-TAN-034,111.00,20,https://images.unsplash.com/photo-1524504388940-b1c1722653e1?auto=format&fit=crop&w=900&q=80
tankini-arenal-35,Tankini Arenal 35,"<p>Tankini Arenal 35 de Marianela Vieira. Diseño moderno con cortes cuidadosos, acabados premium y un ajuste pensado para sentir confianza y comodidad.</p>",Marianela Vieira,Tankini,Ropa,"Tankini, Marianela Vieira, tankini, featured, bestseller",TRUE,Talla,M,MV-TAN-035,114.00,20,https://images.unsplash.com/photo-1524504388940-b1c1722653e1?auto=format&fit=crop&w=900&q=80
tankini-mistral-36,Tankini Mistral 36,"<p>Tankini Mistral 36 de Marianela Vieira. Diseño moderno con cortes cuidadosos, acabados premium y un ajuste pensado para sentir confianza y comodidad.</p>",Marianela Vieira,Tankini,Ropa,"Tankini, Marianela Vieira, tankini, featured, sale",TRUE,Talla,M,MV-TAN-036,99.00,20,https://images.unsplash.com/photo-1524504388940-b1c1722653e1?auto=format&fit=crop&w=900&q=80
tankini-nerea-37,Tankini Nerea 37,"<p>Tankini Nerea 37 de Marianela Vieira. Diseño moderno con cortes cuidadosos, acabados premium y un ajuste pensado para sentir confianza y comodidad.</p>",Marianela Vieira,Tankini,Ropa,"Tankini, Marianela Vieira, tankini, featured, bestseller",TRUE,Talla,M,MV-TAN-037,102.00,20,https://images.unsplash.com/photo-1524504388940-b1c1722653e1?auto=format&fit=crop&w=900&q=80
tankini-lina-38,Tankini Lina 38,"<p>Tankini Lina 38 de Marianela Vieira. Diseño moderno con cortes cuidadosos, acabados premium y un ajuste pensado para sentir confianza y comodidad.</p>",Marianela Vieira,Tankini,Ropa,"Tankini, Marianela Vieira, tankini, featured, bestseller",TRUE,Talla,M,MV-TAN-038,105.00,20,https://images.unsplash.com/photo-1524504388940-b1c1722653e1?auto=format&fit=crop&w=900&q=80
tankini-cora-39,Tankini Cora 39,"<p>Tankini Cora 39 de Marianela Vieira. Diseño moderno con cortes cuidadosos, acabados premium y un ajuste pensado para sentir confianza y comodidad.</p>",Marianela Vieira,Tankini,Ropa,"Tankini, Marianela Vieira, tankini, featured, bestseller",TRUE,Talla,M,MV-TAN-039,108.00,20,https://images.unsplash.com/photo-1524504388940-b1c1722653e1?auto=format&fit=crop&w=900&q=80
tankini-vera-40,Tankini Vera 40,"<p>Tankini Vera 40 de Marianela Vieira. Diseño moderno con cortes cuidadosos, acabados premium y un ajuste pensado para sentir confianza y comodidad.</p>",Marianela Vieira,Tankini,Ropa,"Tankini, Marianela Vieira, tankini, featured, bestseller",TRUE,Talla,M,MV-TAN-040,111.00,20,https://images.unsplash.com/photo-1524504388940-b1c1722653e1?auto=format&fit=crop&w=900&q=80
tankini-duna-41,Tankini Duna 41,"<p>Tankini Duna 41 de Marianela Vieira. Diseño moderno con cortes cuidadosos, acabados premium y un ajuste pensado para sentir confianza y comodidad.</p>",Marianela Vieira,Tankini,Ropa,"Tankini, Marianela Vieira, tankini, featured, bestseller",TRUE,Talla,M,MV-TAN-041,114.00,20,https://images.unsplash.com/photo-1524504388940-b1c1722653e1?auto=format&fit=crop&w=900&q=80
tankini-rosal-42,Tankini Rosal 42,"<p>Tankini Rosal 42 de Marianela Vieira. Diseño moderno con cortes cuidadosos, acabados premium y un ajuste pensado para sentir confianza y comodidad.</p>",Marianela Vieira,Tankini,Ropa,"Tankini, Marianela Vieira, tankini, featured, bestseller",TRUE,Talla,M,MV-TAN-042,99.00,20,https://images.unsplash.com/photo-1524504388940-b1c1722653e1?auto=format&fit=crop&w=900&q=80
tankini-vela-43,Tankini Vela 43,"<p>Tankini Vela 43 de Marianela Vieira. Diseño moderno con cortes cuidadosos, acabados premium y un ajuste pensado para sentir confianza y comodidad.</p>",Marianela Vieira,Tankini,Ropa,"Tankini, Marianela Vieira, tankini, featured, bestseller",TRUE,Talla,M,MV-TAN-043,102.00,20,https://images.unsplash.com/photo-1524504388940-b1c1722653e1?auto=format&fit=crop&w=900&q=80
tankini-luna-44,Tankini Luna 44,"<p>Tankini Luna 44 de Marianela Vieira. Diseño moderno con cortes cuidadosos, acabados premium y un ajuste pensado para sentir confianza y comodidad.</p>",Marianela Vieira,Tankini,Ropa,"Tankini, Marianela Vieira, tankini, featured, bestseller",TRUE,Talla,M,MV-TAN-044,105.00,20,https://images.unsplash.com/photo-1524504388940-b1c1722653e1?auto=format&fit=crop&w=900&q=80
tankini-arenal-45,Tankini Arenal 45,"<p>Tankini Arenal 45 de Marianela Vieira. Diseño moderno con cortes cuidadosos, acabados premium y un ajuste pensado para sentir confianza y comodidad.</p>",Marianela Vieira,Tankini,Ropa,"Tankini, Marianela Vieira, tankini, featured, sale",TRUE,Talla,M,MV-TAN-045,108.00,20,https://images.unsplash.com/photo-1524504388940-b1c1722653e1?auto=format&fit=crop&w=900&q=80
tankini-mistral-46,Tankini Mistral 46,"<p>Tankini Mistral 46 de Marianela Vieira. Diseño moderno con cortes cuidadosos, acabados premium y un ajuste pensado para sentir confianza y comodidad.</p>",Marianela Vieira,Tankini,Ropa,"Tankini, Marianela Vieira, tankini, featured, bestseller",TRUE,Talla,M,MV-TAN-046,111.00,20,https://images.unsplash.com/photo-1524504388940-b1c1722653e1?auto=format&fit=crop&w=900&q=80
tankini-nerea-47,Tankini Nerea 47,"<p>Tankini Nerea 47 de Marianela Vieira. Diseño moderno con cortes cuidadosos, acabados premium y un ajuste pensado para sentir confianza y comodidad.</p>",Marianela Vieira,Tankini,Ropa,"Tankini, Marianela Vieira, tankini, featured, bestseller",TRUE,Talla,M,MV-TAN-047,114.00,20,https://images.unsplash.com/photo-1524504388940-b1c1722653e1?auto=format&fit=crop&w=900&q=80
tankini-lina-48,Tankini Lina 48,"<p>Tankini Lina 48 de Marianela Vieira. Diseño moderno con cortes cuidadosos, acabados premium y un ajuste pensado para sentir confianza y comodidad.</p>",Marianela Vieira,Tankini,Ropa,"Tankini, Marianela Vieira, tankini, featured, bestseller",TRUE,Talla,M,MV-TAN-048,99.00,20,https://images.unsplash.com/photo-1524504388940-b1c1722653e1?auto=format&fit=crop&w=900&q=80
tankini-cora-49,Tankini Cora 49,"<p>Tankini Cora 49 de Marianela Vieira. Diseño moderno con cortes cuidadosos, acabados premium y un ajuste pensado para sentir confianza y comodidad.</p>",Marianela Vieira,Tankini,Ropa,"Tankini, Marianela Vieira, tankini, featured, bestseller",TRUE,Talla,M,MV-TAN-049,102.00,20,https://images.unsplash.com/photo-1524504388940-b1c1722653e1?auto=format&fit=crop&w=900&q=80
tankini-vera-50,Tankini Vera 50,"<p>Tankini Vera 50 de Marianela Vieira. Diseño moderno con cortes cuidadosos, acabados premium y un ajuste pensado para sentir confianza y comodidad.</p>",Marianela Vieira,Tankini,Ropa,"Tankini, Marianela Vieira, tankini, featured, bestseller",TRUE,Talla,M,MV-TAN-050,105.00,20,https://images.unsplash.com/photo-1524504388940-b1c1722653e1?auto=format&fit=crop&w=900&q=80
trikini-fuego-01,Trikini Fuego 01,"<p>Trikini Fuego 01 de Marianela Vieira. Diseño moderno con cortes cuidadosos, acabados premium y un ajuste pensado para sentir confianza y comodidad.</p>",Marianela Vieira,Trikini,Ropa,"Trikini, Marianela Vieira, trikini, new, bestseller",TRUE,Talla,M,MV-TRI-001,132.00,20,https://images.unsplash.com/photo-1524504388940-b1c1722653e1?auto=format&fit=crop&w=900&q=80
trikini-amazona-02,Trikini Amazona 02,"<p>Trikini Amazona 02 de Marianela Vieira. Diseño moderno con cortes cuidadosos, acabados premium y un ajuste pensado para sentir confianza y comodidad.</p>",Marianela Vieira,Trikini,Ropa,"Trikini, Marianela Vieira, trikini, new, bestseller",TRUE,Talla,M,MV-TRI-002,135.00,20,https://images.unsplash.com/photo-1524504388940-b1c1722653e1?auto=format&fit=crop&w=900&q=80
trikini-noche-03,Trikini Noche 03,"<p>Trikini Noche 03 de Marianela Vieira. Diseño moderno con cortes cuidadosos, acabados premium y un ajuste pensado para sentir confianza y comodidad.</p>",Marianela Vieira,Trikini,Ropa,"Trikini, Marianela Vieira, trikini, new, bestseller",TRUE,Talla,M,MV-TRI-003,138.00,20,https://images.unsplash.com/photo-1524504388940-b1c1722653e1?auto=format&fit=crop&w=900&q=80
trikini-mora-04,Trikini Mora 04,"<p>Trikini Mora 04 de Marianela Vieira. Diseño moderno con cortes cuidadosos, acabados premium y un ajuste pensado para sentir confianza y comodidad.</p>",Marianela Vieira,Trikini,Ropa,"Trikini, Marianela Vieira, trikini, new, bestseller",TRUE,Talla,M,MV-TRI-004,141.00,20,https://images.unsplash.com/photo-1524504388940-b1c1722653e1?auto=format&fit=crop&w=900&q=80
trikini-tula-05,Trikini Tula 05,"<p>Trikini Tula 05 de Marianela Vieira. Diseño moderno con cortes cuidadosos, acabados premium y un ajuste pensado para sentir confianza y comodidad.</p>",Marianela Vieira,Trikini,Ropa,"Trikini, Marianela Vieira, trikini, new, bestseller",TRUE,Talla,M,MV-TRI-005,144.00,20,https://images.unsplash.com/photo-1524504388940-b1c1722653e1?auto=format&fit=crop&w=900&q=80
trikini-violeta-06,Trikini Violeta 06,"<p>Trikini Violeta 06 de Marianela Vieira. Diseño moderno con cortes cuidadosos, acabados premium y un ajuste pensado para sentir confianza y comodidad.</p>",Marianela Vieira,Trikini,Ropa,"Trikini, Marianela Vieira, trikini, new, bestseller",TRUE,Talla,M,MV-TRI-006,129.00,20,https://images.unsplash.com/photo-1524504388940-b1c1722653e1?auto=format&fit=crop&w=900&q=80
trikini-mirage-07,Trikini Mirage 07,"<p>Trikini Mirage 07 de Marianela Vieira. Diseño moderno con cortes cuidadosos, acabados premium y un ajuste pensado para sentir confianza y comodidad.</p>",Marianela Vieira,Trikini,Ropa,"Trikini, Marianela Vieira, trikini, new, bestseller",TRUE,Talla,M,MV-TRI-007,132.00,20,https://images.unsplash.com/photo-1524504388940-b1c1722653e1?auto=format&fit=crop&w=900&q=80
trikini-eden-08,Trikini Eden 08,"<p>Trikini Eden 08 de Marianela Vieira. Diseño moderno con cortes cuidadosos, acabados premium y un ajuste pensado para sentir confianza y comodidad.</p>",Marianela Vieira,Trikini,Ropa,"Trikini, Marianela Vieira, trikini, new, bestseller",TRUE,Talla,M,MV-TRI-008,135.00,20,https://images.unsplash.com/photo-1524504388940-b1c1722653e1?auto=format&fit=crop&w=900&q=80
trikini-pilar-09,Trikini Pilar 09,"<p>Trikini Pilar 09 de Marianela Vieira. Diseño moderno con cortes cuidadosos, acabados premium y un ajuste pensado para sentir confianza y comodidad.</p>",Marianela Vieira,Trikini,Ropa,"Trikini, Marianela Vieira, trikini, new, sale",TRUE,Talla,M,MV-TRI-009,138.00,20,https://images.unsplash.com/photo-1524504388940-b1c1722653e1?auto=format&fit=crop&w=900&q=80
trikini-noa-10,Trikini Noa 10,"<p>Trikini Noa 10 de Marianela Vieira. Diseño moderno con cortes cuidadosos, acabados premium y un ajuste pensado para sentir confianza y comodidad.</p>",Marianela Vieira,Trikini,Ropa,"Trikini, Marianela Vieira, trikini, new, bestseller",TRUE,Talla,M,MV-TRI-010,141.00,20,https://images.unsplash.com/photo-1524504388940-b1c1722653e1?auto=format&fit=crop&w=900&q=80
trikini-fuego-11,Trikini Fuego 11,"<p>Trikini Fuego 11 de Marianela Vieira. Diseño moderno con cortes cuidadosos, acabados premium y un ajuste pensado para sentir confianza y comodidad.</p>",Marianela Vieira,Trikini,Ropa,"Trikini, Marianela Vieira, trikini, new, bestseller",TRUE,Talla,M,MV-TRI-011,144.00,20,https://images.unsplash.com/photo-1524504388940-b1c1722653e1?auto=format&fit=crop&w=900&q=80
trikini-amazona-12,Trikini Amazona 12,"<p>Trikini Amazona 12 de Marianela Vieira. Diseño moderno con cortes cuidadosos, acabados premium y un ajuste pensado para sentir confianza y comodidad.</p>",Marianela Vieira,Trikini,Ropa,"Trikini, Marianela Vieira, trikini, new, bestseller",TRUE,Talla,M,MV-TRI-012,129.00,20,https://images.unsplash.com/photo-1524504388940-b1c1722653e1?auto=format&fit=crop&w=900&q=80
trikini-noche-13,Trikini Noche 13,"<p>Trikini Noche 13 de Marianela Vieira. Diseño moderno con cortes cuidadosos, acabados premium y un ajuste pensado para sentir confianza y comodidad.</p>",Marianela Vieira,Trikini,Ropa,"Trikini, Marianela Vieira, trikini, new, bestseller",TRUE,Talla,M,MV-TRI-013,132.00,20,https://images.unsplash.com/photo-1524504388940-b1c1722653e1?auto=format&fit=crop&w=900&q=80
trikini-mora-14,Trikini Mora 14,"<p>Trikini Mora 14 de Marianela Vieira. Diseño moderno con cortes cuidadosos, acabados premium y un ajuste pensado para sentir confianza y comodidad.</p>",Marianela Vieira,Trikini,Ropa,"Trikini, Marianela Vieira, trikini, new, bestseller",TRUE,Talla,M,MV-TRI-014,135.00,20,https://images.unsplash.com/photo-1524504388940-b1c1722653e1?auto=format&fit=crop&w=900&q=80
trikini-tula-15,Trikini Tula 15,"<p>Trikini Tula 15 de Marianela Vieira. Diseño moderno con cortes cuidadosos, acabados premium y un ajuste pensado para sentir confianza y comodidad.</p>",Marianela Vieira,Trikini,Ropa,"Trikini, Marianela Vieira, trikini, new, bestseller",TRUE,Talla,M,MV-TRI-015,138.00,20,https://images.unsplash.com/photo-1524504388940-b1c1722653e1?auto=format&fit=crop&w=900&q=80
trikini-violeta-16,Trikini Violeta 16,"<p>Trikini Violeta 16 de Marianela Vieira. Diseño moderno con cortes cuidadosos, acabados premium y un ajuste pensado para sentir confianza y comodidad.</p>",Marianela Vieira,Trikini,Ropa,"Trikini, Marianela Vieira, trikini, featured, bestseller",TRUE,Talla,M,MV-TRI-016,141.00,20,https://images.unsplash.com/photo-1524504388940-b1c1722653e1?auto=format&fit=crop&w=900&q=80
trikini-mirage-17,Trikini Mirage 17,"<p>Trikini Mirage 17 de Marianela Vieira. Diseño moderno con cortes cuidadosos, acabados premium y un ajuste pensado para sentir confianza y comodidad.</p>",Marianela Vieira,Trikini,Ropa,"Trikini, Marianela Vieira, trikini, featured, bestseller",TRUE,Talla,M,MV-TRI-017,144.00,20,https://images.unsplash.com/photo-1524504388940-b1c1722653e1?auto=format&fit=crop&w=900&q=80
trikini-eden-18,Trikini Eden 18,"<p>Trikini Eden 18 de Marianela Vieira. Diseño moderno con cortes cuidadosos, acabados premium y un ajuste pensado para sentir confianza y comodidad.</p>",Marianela Vieira,Trikini,Ropa,"Trikini, Marianela Vieira, trikini, featured, sale",TRUE,Talla,M,MV-TRI-018,129.00,20,https://images.unsplash.com/photo-1524504388940-b1c1722653e1?auto=format&fit=crop&w=900&q=80
trikini-pilar-19,Trikini Pilar 19,"<p>Trikini Pilar 19 de Marianela Vieira. Diseño moderno con cortes cuidadosos, acabados premium y un ajuste pensado para sentir confianza y comodidad.</p>",Marianela Vieira,Trikini,Ropa,"Trikini, Marianela Vieira, trikini, featured, bestseller",TRUE,Talla,M,MV-TRI-019,132.00,20,https://images.unsplash.com/photo-1524504388940-b1c1722653e1?auto=format&fit=crop&w=900&q=80
trikini-noa-20,Trikini Noa 20,"<p>Trikini Noa 20 de Marianela Vieira. Diseño moderno con cortes cuidadosos, acabados premium y un ajuste pensado para sentir confianza y comodidad.</p>",Marianela Vieira,Trikini,Ropa,"Trikini, Marianela Vieira, trikini, featured, bestseller",TRUE,Talla,M,MV-TRI-020,135.00,20,https://images.unsplash.com/photo-1524504388940-b1c1722653e1?auto=format&fit=crop&w=900&q=80
trikini-fuego-21,Trikini Fuego 21,"<p>Trikini Fuego 21 de Marianela Vieira. Diseño moderno con cortes cuidadosos, acabados premium y un ajuste pensado para sentir confianza y comodidad.</p>",Marianela Vieira,Trikini,Ropa,"Trikini, Marianela Vieira, trikini, featured, bestseller",TRUE,Talla,M,MV-TRI-021,138.00,20,https://images.unsplash.com/photo-1524504388940-b1c1722653e1?auto=format&fit=crop&w=900&q=80
trikini-amazona-22,Trikini Amazona 22,"<p>Trikini Amazona 22 de Marianela Vieira. Diseño moderno con cortes cuidadosos, acabados premium y un ajuste pensado para sentir confianza y comodidad.</p>",Marianela Vieira,Trikini,Ropa,"Trikini, Marianela Vieira, trikini, featured, bestseller",TRUE,Talla,M,MV-TRI-022,141.00,20,https://images.unsplash.com/photo-1524504388940-b1c1722653e1?auto=format&fit=crop&w=900&q=80
trikini-noche-23,Trikini Noche 23,"<p>Trikini Noche 23 de Marianela Vieira. Diseño moderno con cortes cuidadosos, acabados premium y un ajuste pensado para sentir confianza y comodidad.</p>",Marianela Vieira,Trikini,Ropa,"Trikini, Marianela Vieira, trikini, featured, bestseller",TRUE,Talla,M,MV-TRI-023,144.00,20,https://images.unsplash.com/photo-1524504388940-b1c1722653e1?auto=format&fit=crop&w=900&q=80
trikini-mora-24,Trikini Mora 24,"<p>Trikini Mora 24 de Marianela Vieira. Diseño moderno con cortes cuidadosos, acabados premium y un ajuste pensado para sentir confianza y comodidad.</p>",Marianela Vieira,Trikini,Ropa,"Trikini, Marianela Vieira, trikini, featured, bestseller",TRUE,Talla,M,MV-TRI-024,129.00,20,https://images.unsplash.com/photo-1524504388940-b1c1722653e1?auto=format&fit=crop&w=900&q=80
trikini-tula-25,Trikini Tula 25,"<p>Trikini Tula 25 de Marianela Vieira. Diseño moderno con cortes cuidadosos, acabados premium y un ajuste pensado para sentir confianza y comodidad.</p>",Marianela Vieira,Trikini,Ropa,"Trikini, Marianela Vieira, trikini, featured, bestseller",TRUE,Talla,M,MV-TRI-025,132.00,20,https://images.unsplash.com/photo-1524504388940-b1c1722653e1?auto=format&fit=crop&w=900&q=80
trikini-violeta-26,Trikini Violeta 26,"<p>Trikini Violeta 26 de Marianela Vieira. Diseño moderno con cortes cuidadosos, acabados premium y un ajuste pensado para sentir confianza y comodidad.</p>",Marianela Vieira,Trikini,Ropa,"Trikini, Marianela Vieira, trikini, featured, bestseller",TRUE,Talla,M,MV-TRI-026,135.00,20,https://images.unsplash.com/photo-1524504388940-b1c1722653e1?auto=format&fit=crop&w=900&q=80
trikini-mirage-27,Trikini Mirage 27,"<p>Trikini Mirage 27 de Marianela Vieira. Diseño moderno con cortes cuidadosos, acabados premium y un ajuste pensado para sentir confianza y comodidad.</p>",Marianela Vieira,Trikini,Ropa,"Trikini, Marianela Vieira, trikini, featured, sale",TRUE,Talla,M,MV-TRI-027,138.00,20,https://images.unsplash.com/photo-1524504388940-b1c1722653e1?auto=format&fit=crop&w=900&q=80
trikini-eden-28,Trikini Eden 28,"<p>Trikini Eden 28 de Marianela Vieira. Diseño moderno con cortes cuidadosos, acabados premium y un ajuste pensado para sentir confianza y comodidad.</p>",Marianela Vieira,Trikini,Ropa,"Trikini, Marianela Vieira, trikini, featured, bestseller",TRUE,Talla,M,MV-TRI-028,141.00,20,https://images.unsplash.com/photo-1524504388940-b1c1722653e1?auto=format&fit=crop&w=900&q=80
trikini-pilar-29,Trikini Pilar 29,"<p>Trikini Pilar 29 de Marianela Vieira. Diseño moderno con cortes cuidadosos, acabados premium y un ajuste pensado para sentir confianza y comodidad.</p>",Marianela Vieira,Trikini,Ropa,"Trikini, Marianela Vieira, trikini, featured, bestseller",TRUE,Talla,M,MV-TRI-029,144.00,20,https://images.unsplash.com/photo-1524504388940-b1c1722653e1?auto=format&fit=crop&w=900&q=80
trikini-noa-30,Trikini Noa 30,"<p>Trikini Noa 30 de Marianela Vieira. Diseño moderno con cortes cuidadosos, acabados premium y un ajuste pensado para sentir confianza y comodidad.</p>",Marianela Vieira,Trikini,Ropa,"Trikini, Marianela Vieira, trikini, featured, bestseller",TRUE,Talla,M,MV-TRI-030,129.00,20,https://images.unsplash.com/photo-1524504388940-b1c1722653e1?auto=format&fit=crop&w=900&q=80
trikini-fuego-31,Trikini Fuego 31,"<p>Trikini Fuego 31 de Marianela Vieira. Diseño moderno con cortes cuidadosos, acabados premium y un ajuste pensado para sentir confianza y comodidad.</p>",Marianela Vieira,Trikini,Ropa,"Trikini, Marianela Vieira, trikini, featured, bestseller",TRUE,Talla,M,MV-TRI-031,132.00,20,https://images.unsplash.com/photo-1524504388940-b1c1722653e1?auto=format&fit=crop&w=900&q=80
trikini-amazona-32,Trikini Amazona 32,"<p>Trikini Amazona 32 de Marianela Vieira. Diseño moderno con cortes cuidadosos, acabados premium y un ajuste pensado para sentir confianza y comodidad.</p>",Marianela Vieira,Trikini,Ropa,"Trikini, Marianela Vieira, trikini, featured, bestseller",TRUE,Talla,M,MV-TRI-032,135.00,20,https://images.unsplash.com/photo-1524504388940-b1c1722653e1?auto=format&fit=crop&w=900&q=80
trikini-noche-33,Trikini Noche 33,"<p>Trikini Noche 33 de Marianela Vieira. Diseño moderno con cortes cuidadosos, acabados premium y un ajuste pensado para sentir confianza y comodidad.</p>",Marianela Vieira,Trikini,Ropa,"Trikini, Marianela Vieira, trikini, featured, bestseller",TRUE,Talla,M,MV-TRI-033,138.00,20,https://images.unsplash.com/photo-1524504388940-b1c1722653e1?auto=format&fit=crop&w=900&q=80
trikini-mora-34,Trikini Mora 34,"<p>Trikini Mora 34 de Marianela Vieira. Diseño moderno con cortes cuidadosos, acabados premium y un ajuste pensado para sentir confianza y comodidad.</p>",Marianela Vieira,Trikini,Ropa,"Trikini, Marianela Vieira, trikini, featured, bestseller",TRUE,Talla,M,MV-TRI-034,141.00,20,https://images.unsplash.com/photo-1524504388940-b1c1722653e1?auto=format&fit=crop&w=900&q=80
trikini-tula-35,Trikini Tula 35,"<p>Trikini Tula 35 de Marianela Vieira. Diseño moderno con cortes cuidadosos, acabados premium y un ajuste pensado para sentir confianza y comodidad.</p>",Marianela Vieira,Trikini,Ropa,"Trikini, Marianela Vieira, trikini, featured, bestseller",TRUE,Talla,M,MV-TRI-035,144.00,20,https://images.unsplash.com/photo-1524504388940-b1c1722653e1?auto=format&fit=crop&w=900&q=80
trikini-violeta-36,Trikini Violeta 36,"<p>Trikini Violeta 36 de Marianela Vieira. Diseño moderno con cortes cuidadosos, acabados premium y un ajuste pensado para sentir confianza y comodidad.</p>",Marianela Vieira,Trikini,Ropa,"Trikini, Marianela Vieira, trikini, featured, sale",TRUE,Talla,M,MV-TRI-036,129.00,20,https://images.unsplash.com/photo-1524504388940-b1c1722653e1?auto=format&fit=crop&w=900&q=80
trikini-mirage-37,Trikini Mirage 37,"<p>Trikini Mirage 37 de Marianela Vieira. Diseño moderno con cortes cuidadosos, acabados premium y un ajuste pensado para sentir confianza y comodidad.</p>",Marianela Vieira,Trikini,Ropa,"Trikini, Marianela Vieira, trikini, featured, bestseller",TRUE,Talla,M,MV-TRI-037,132.00,20,https://images.unsplash.com/photo-1524504388940-b1c1722653e1?auto=format&fit=crop&w=900&q=80
trikini-eden-38,Trikini Eden 38,"<p>Trikini Eden 38 de Marianela Vieira. Diseño moderno con cortes cuidadosos, acabados premium y un ajuste pensado para sentir confianza y comodidad.</p>",Marianela Vieira,Trikini,Ropa,"Trikini, Marianela Vieira, trikini, featured, bestseller",TRUE,Talla,M,MV-TRI-038,135.00,20,https://images.unsplash.com/photo-1524504388940-b1c1722653e1?auto=format&fit=crop&w=900&q=80
trikini-pilar-39,Trikini Pilar 39,"<p>Trikini Pilar 39 de Marianela Vieira. Diseño moderno con cortes cuidadosos, acabados premium y un ajuste pensado para sentir confianza y comodidad.</p>",Marianela Vieira,Trikini,Ropa,"Trikini, Marianela Vieira, trikini, featured, bestseller",TRUE,Talla,M,MV-TRI-039,138.00,20,https://images.unsplash.com/photo-1524504388940-b1c1722653e1?auto=format&fit=crop&w=900&q=80
trikini-noa-40,Trikini Noa 40,"<p>Trikini Noa 40 de Marianela Vieira. Diseño moderno con cortes cuidadosos, acabados premium y un ajuste pensado para sentir confianza y comodidad.</p>",Marianela Vieira,Trikini,Ropa,"Trikini, Marianela Vieira, trikini, featured, bestseller",TRUE,Talla,M,MV-TRI-040,141.00,20,https://images.unsplash.com/photo-1524504388940-b1c1722653e1?auto=format&fit=crop&w=900&q=80
trikini-fuego-41,Trikini Fuego 41,"<p>Trikini Fuego 41 de Marianela Vieira. Diseño moderno con cortes cuidadosos, acabados premium y un ajuste pensado para sentir confianza y comodidad.</p>",Marianela Vieira,Trikini,Ropa,"Trikini, Marianela Vieira, trikini, featured, bestseller",TRUE,Talla,M,MV-TRI-041,144.00,20,https://images.unsplash.com/photo-1524504388940-b1c1722653e1?auto=format&fit=crop&w=900&q=80
trikini-amazona-42,Trikini Amazona 42,"<p>Trikini Amazona 42 de Marianela Vieira. Diseño moderno con cortes cuidadosos, acabados premium y un ajuste pensado para sentir confianza y comodidad.</p>",Marianela Vieira,Trikini,Ropa,"Trikini, Marianela Vieira, trikini, featured, bestseller",TRUE,Talla,M,MV-TRI-042,129.00,20,https://images.unsplash.com/photo-1524504388940-b1c1722653e1?auto=format&fit=crop&w=900&q=80
trikini-noche-43,Trikini Noche 43,"<p>Trikini Noche 43 de Marianela Vieira. Diseño moderno con cortes cuidadosos, acabados premium y un ajuste pensado para sentir confianza y comodidad.</p>",Marianela Vieira,Trikini,Ropa,"Trikini, Marianela Vieira, trikini, featured, bestseller",TRUE,Talla,M,MV-TRI-043,132.00,20,https://images.unsplash.com/photo-1524504388940-b1c1722653e1?auto=format&fit=crop&w=900&q=80
trikini-mora-44,Trikini Mora 44,"<p>Trikini Mora 44 de Marianela Vieira. Diseño moderno con cortes cuidadosos, acabados premium y un ajuste pensado para sentir confianza y comodidad.</p>",Marianela Vieira,Trikini,Ropa,"Trikini, Marianela Vieira, trikini, featured, bestseller",TRUE,Talla,M,MV-TRI-044,135.00,20,https://images.unsplash.com/photo-1524504388940-b1c1722653e1?auto=format&fit=crop&w=900&q=80
trikini-tula-45,Trikini Tula 45,"<p>Trikini Tula 45 de Marianela Vieira. Diseño moderno con cortes cuidadosos, acabados premium y un ajuste pensado para sentir confianza y comodidad.</p>",Marianela Vieira,Trikini,Ropa,"Trikini, Marianela Vieira, trikini, featured, sale",TRUE,Talla,M,MV-TRI-045,138.00,20,https://images.unsplash.com/photo-1524504388940-b1c1722653e1?auto=format&fit=crop&w=900&q=80
trikini-violeta-46,Trikini Violeta 46,"<p>Trikini Violeta 46 de Marianela Vieira. Diseño moderno con cortes cuidadosos, acabados premium y un ajuste pensado para sentir confianza y comodidad.</p>",Marianela Vieira,Trikini,Ropa,"Trikini, Marianela Vieira, trikini, featured, bestseller",TRUE,Talla,M,MV-TRI-046,141.00,20,https://images.unsplash.com/photo-1524504388940-b1c1722653e1?auto=format&fit=crop&w=900&q=80
trikini-mirage-47,Trikini Mirage 47,"<p>Trikini Mirage 47 de Marianela Vieira. Diseño moderno con cortes cuidadosos, acabados premium y un ajuste pensado para sentir confianza y comodidad.</p>",Marianela Vieira,Trikini,Ropa,"Trikini, Marianela Vieira, trikini, featured, bestseller",TRUE,Talla,M,MV-TRI-047,144.00,20,https://images.unsplash.com/photo-1524504388940-b1c1722653e1?auto=format&fit=crop&w=900&q=80
trikini-eden-48,Trikini Eden 48,"<p>Trikini Eden 48 de Marianela Vieira. Diseño moderno con cortes cuidadosos, acabados premium y un ajuste pensado para sentir confianza y comodidad.</p>",Marianela Vieira,Trikini,Ropa,"Trikini, Marianela Vieira, trikini, featured, bestseller",TRUE,Talla,M,MV-TRI-048,129.00,20,https://images.unsplash.com/photo-1524504388940-b1c1722653e1?auto=format&fit=crop&w=900&q=80
trikini-pilar-49,Trikini Pilar 49,"<p>Trikini Pilar 49 de Marianela Vieira. Diseño moderno con cortes cuidadosos, acabados premium y un ajuste pensado para sentir confianza y comodidad.</p>",Marianela Vieira,Trikini,Ropa,"Trikini, Marianela Vieira, trikini, featured, bestseller",TRUE,Talla,M,MV-TRI-049,132.00,20,https://images.unsplash.com/photo-1524504388940-b1c1722653e1?auto=format&fit=crop&w=900&q=80
trikini-noa-50,Trikini Noa 50,"<p>Trikini Noa 50 de Marianela Vieira. Diseño moderno con cortes cuidadosos, acabados premium y un ajuste pensado para sentir confianza y comodidad.</p>",Marianela Vieira,Trikini,Ropa,"Trikini, Marianela Vieira, trikini, featured, bestseller",TRUE,Talla,M,MV-TRI-050,135.00,20,https://images.unsplash.com/photo-1524504388940-b1c1722653e1?auto=format&fit=crop&w=900&q=80
fuera-del-agua-sombra-01,Fuera del Agua Sombra 01,"<p>Fuera del Agua Sombra 01 de Marianela Vieira. Diseño moderno con cortes cuidadosos, acabados premium y un ajuste pensado para sentir confianza y comodidad.</p>",Marianela Vieira,Fuera del Agua,Ropa,"Fuera del Agua, Marianela Vieira, fuera del agua, new, bestseller",TRUE,Talla,M,MV-FUE-001,87.00,20,https://images.unsplash.com/photo-1524504388940-b1c1722653e1?auto=format&fit=crop&w=900&q=80
fuera-del-agua-estela-02,Fuera del Agua Estela 02,"<p>Fuera del Agua Estela 02 de Marianela Vieira. Diseño moderno con cortes cuidadosos, acabados premium y un ajuste pensado para sentir confianza y comodidad.</p>",Marianela Vieira,Fuera del Agua,Ropa,"Fuera del Agua, Marianela Vieira, fuera del agua, new, bestseller",TRUE,Talla,M,MV-FUE-002,90.00,20,https://images.unsplash.com/photo-1524504388940-b1c1722653e1?auto=format&fit=crop&w=900&q=80
fuera-del-agua-liana-03,Fuera del Agua Liana 03,"<p>Fuera del Agua Liana 03 de Marianela Vieira. Diseño moderno con cortes cuidadosos, acabados premium y un ajuste pensado para sentir confianza y comodidad.</p>",Marianela Vieira,Fuera del Agua,Ropa,"Fuera del Agua, Marianela Vieira, fuera del agua, new, bestseller",TRUE,Talla,M,MV-FUE-003,93.00,20,https://images.unsplash.com/photo-1524504388940-b1c1722653e1?auto=format&fit=crop&w=900&q=80
fuera-del-agua-viajera-04,Fuera del Agua Viajera 04,"<p>Fuera del Agua Viajera 04 de Marianela Vieira. Diseño moderno con cortes cuidadosos, acabados premium y un ajuste pensado para sentir confianza y comodidad.</p>",Marianela Vieira,Fuera del Agua,Ropa,"Fuera del Agua, Marianela Vieira, fuera del agua, new, bestseller",TRUE,Talla,M,MV-FUE-004,96.00,20,https://images.unsplash.com/photo-1524504388940-b1c1722653e1?auto=format&fit=crop&w=900&q=80
fuera-del-agua-ari-05,Fuera del Agua Ari 05,"<p>Fuera del Agua Ari 05 de Marianela Vieira. Diseño moderno con cortes cuidadosos, acabados premium y un ajuste pensado para sentir confianza y comodidad.</p>",Marianela Vieira,Fuera del Agua,Ropa,"Fuera del Agua, Marianela Vieira, fuera del agua, new, bestseller",TRUE,Talla,M,MV-FUE-005,99.00,20,https://images.unsplash.com/photo-1524504388940-b1c1722653e1?auto=format&fit=crop&w=900&q=80
fuera-del-agua-mica-06,Fuera del Agua Mica 06,"<p>Fuera del Agua Mica 06 de Marianela Vieira. Diseño moderno con cortes cuidadosos, acabados premium y un ajuste pensado para sentir confianza y comodidad.</p>",Marianela Vieira,Fuera del Agua,Ropa,"Fuera del Agua, Marianela Vieira, fuera del agua, new, bestseller",TRUE,Talla,M,MV-FUE-006,84.00,20,https://images.unsplash.com/photo-1524504388940-b1c1722653e1?auto=format&fit=crop&w=900&q=80
fuera-del-agua-pilar-07,Fuera del Agua Pilar 07,"<p>Fuera del Agua Pilar 07 de Marianela Vieira. Diseño moderno con cortes cuidadosos, acabados premium y un ajuste pensado para sentir confianza y comodidad.</p>",Marianela Vieira,Fuera del Agua,Ropa,"Fuera del Agua, Marianela Vieira, fuera del agua, new, bestseller",TRUE,Talla,M,MV-FUE-007,87.00,20,https://images.unsplash.com/photo-1524504388940-b1c1722653e1?auto=format&fit=crop&w=900&q=80
fuera-del-agua-aura-08,Fuera del Agua Aura 08,"<p>Fuera del Agua Aura 08 de Marianela Vieira. Diseño moderno con cortes cuidadosos, acabados premium y un ajuste pensado para sentir confianza y comodidad.</p>",Marianela Vieira,Fuera del Agua,Ropa,"Fuera del Agua, Marianela Vieira, fuera del agua, new, bestseller",TRUE,Talla,M,MV-FUE-008,90.00,20,https://images.unsplash.com/photo-1524504388940-b1c1722653e1?auto=format&fit=crop&w=900&q=80
fuera-del-agua-beso-09,Fuera del Agua Beso 09,"<p>Fuera del Agua Beso 09 de Marianela Vieira. Diseño moderno con cortes cuidadosos, acabados premium y un ajuste pensado para sentir confianza y comodidad.</p>",Marianela Vieira,Fuera del Agua,Ropa,"Fuera del Agua, Marianela Vieira, fuera del agua, new, sale",TRUE,Talla,M,MV-FUE-009,93.00,20,https://images.unsplash.com/photo-1524504388940-b1c1722653e1?auto=format&fit=crop&w=900&q=80
fuera-del-agua-tessa-10,Fuera del Agua Tessa 10,"<p>Fuera del Agua Tessa 10 de Marianela Vieira. Diseño moderno con cortes cuidadosos, acabados premium y un ajuste pensado para sentir confianza y comodidad.</p>",Marianela Vieira,Fuera del Agua,Ropa,"Fuera del Agua, Marianela Vieira, fuera del agua, new, bestseller",TRUE,Talla,M,MV-FUE-010,96.00,20,https://images.unsplash.com/photo-1524504388940-b1c1722653e1?auto=format&fit=crop&w=900&q=80
fuera-del-agua-sombra-11,Fuera del Agua Sombra 11,"<p>Fuera del Agua Sombra 11 de Marianela Vieira. Diseño moderno con cortes cuidadosos, acabados premium y un ajuste pensado para sentir confianza y comodidad.</p>",Marianela Vieira,Fuera del Agua,Ropa,"Fuera del Agua, Marianela Vieira, fuera del agua, new, bestseller",TRUE,Talla,M,MV-FUE-011,99.00,20,https://images.unsplash.com/photo-1524504388940-b1c1722653e1?auto=format&fit=crop&w=900&q=80
fuera-del-agua-estela-12,Fuera del Agua Estela 12,"<p>Fuera del Agua Estela 12 de Marianela Vieira. Diseño moderno con cortes cuidadosos, acabados premium y un ajuste pensado para sentir confianza y comodidad.</p>",Marianela Vieira,Fuera del Agua,Ropa,"Fuera del Agua, Marianela Vieira, fuera del agua, new, bestseller",TRUE,Talla,M,MV-FUE-012,84.00,20,https://images.unsplash.com/photo-1524504388940-b1c1722653e1?auto=format&fit=crop&w=900&q=80
fuera-del-agua-liana-13,Fuera del Agua Liana 13,"<p>Fuera del Agua Liana 13 de Marianela Vieira. Diseño moderno con cortes cuidadosos, acabados premium y un ajuste pensado para sentir confianza y comodidad.</p>",Marianela Vieira,Fuera del Agua,Ropa,"Fuera del Agua, Marianela Vieira, fuera del agua, new, bestseller",TRUE,Talla,M,MV-FUE-013,87.00,20,https://images.unsplash.com/photo-1524504388940-b1c1722653e1?auto=format&fit=crop&w=900&q=80
fuera-del-agua-viajera-14,Fuera del Agua Viajera 14,"<p>Fuera del Agua Viajera 14 de Marianela Vieira. Diseño moderno con cortes cuidadosos, acabados premium y un ajuste pensado para sentir confianza y comodidad.</p>",Marianela Vieira,Fuera del Agua,Ropa,"Fuera del Agua, Marianela Vieira, fuera del agua, new, bestseller",TRUE,Talla,M,MV-FUE-014,90.00,20,https://images.unsplash.com/photo-1524504388940-b1c1722653e1?auto=format&fit=crop&w=900&q=80
fuera-del-agua-ari-15,Fuera del Agua Ari 15,"<p>Fuera del Agua Ari 15 de Marianela Vieira. Diseño moderno con cortes cuidadosos, acabados premium y un ajuste pensado para sentir confianza y comodidad.</p>",Marianela Vieira,Fuera del Agua,Ropa,"Fuera del Agua, Marianela Vieira, fuera del agua, new, bestseller",TRUE,Talla,M,MV-FUE-015,93.00,20,https://images.unsplash.com/photo-1524504388940-b1c1722653e1?auto=format&fit=crop&w=900&q=80
fuera-del-agua-mica-16,Fuera del Agua Mica 16,"<p>Fuera del Agua Mica 16 de Marianela Vieira. Diseño moderno con cortes cuidadosos, acabados premium y un ajuste pensado para sentir confianza y comodidad.</p>",Marianela Vieira,Fuera del Agua,Ropa,"Fuera del Agua, Marianela Vieira, fuera del agua, featured, bestseller",TRUE,Talla,M,MV-FUE-016,96.00,20,https://images.unsplash.com/photo-1524504388940-b1c1722653e1?auto=format&fit=crop&w=900&q=80
fuera-del-agua-pilar-17,Fuera del Agua Pilar 17,"<p>Fuera del Agua Pilar 17 de Marianela Vieira. Diseño moderno con cortes cuidadosos, acabados premium y un ajuste pensado para sentir confianza y comodidad.</p>",Marianela Vieira,Fuera del Agua,Ropa,"Fuera del Agua, Marianela Vieira, fuera del agua, featured, bestseller",TRUE,Talla,M,MV-FUE-017,99.00,20,https://images.unsplash.com/photo-1524504388940-b1c1722653e1?auto=format&fit=crop&w=900&q=80
fuera-del-agua-aura-18,Fuera del Agua Aura 18,"<p>Fuera del Agua Aura 18 de Marianela Vieira. Diseño moderno con cortes cuidadosos, acabados premium y un ajuste pensado para sentir confianza y comodidad.</p>",Marianela Vieira,Fuera del Agua,Ropa,"Fuera del Agua, Marianela Vieira, fuera del agua, featured, sale",TRUE,Talla,M,MV-FUE-018,84.00,20,https://images.unsplash.com/photo-1524504388940-b1c1722653e1?auto=format&fit=crop&w=900&q=80
fuera-del-agua-beso-19,Fuera del Agua Beso 19,"<p>Fuera del Agua Beso 19 de Marianela Vieira. Diseño moderno con cortes cuidadosos, acabados premium y un ajuste pensado para sentir confianza y comodidad.</p>",Marianela Vieira,Fuera del Agua,Ropa,"Fuera del Agua, Marianela Vieira, fuera del agua, featured, bestseller",TRUE,Talla,M,MV-FUE-019,87.00,20,https://images.unsplash.com/photo-1524504388940-b1c1722653e1?auto=format&fit=crop&w=900&q=80
fuera-del-agua-tessa-20,Fuera del Agua Tessa 20,"<p>Fuera del Agua Tessa 20 de Marianela Vieira. Diseño moderno con cortes cuidadosos, acabados premium y un ajuste pensado para sentir confianza y comodidad.</p>",Marianela Vieira,Fuera del Agua,Ropa,"Fuera del Agua, Marianela Vieira, fuera del agua, featured, bestseller",TRUE,Talla,M,MV-FUE-020,90.00,20,https://images.unsplash.com/photo-1524504388940-b1c1722653e1?auto=format&fit=crop&w=900&q=80
fuera-del-agua-sombra-21,Fuera del Agua Sombra 21,"<p>Fuera del Agua Sombra 21 de Marianela Vieira. Diseño moderno con cortes cuidadosos, acabados premium y un ajuste pensado para sentir confianza y comodidad.</p>",Marianela Vieira,Fuera del Agua,Ropa,"Fuera del Agua, Marianela Vieira, fuera del agua, featured, bestseller",TRUE,Talla,M,MV-FUE-021,93.00,20,https://images.unsplash.com/photo-1524504388940-b1c1722653e1?auto=format&fit=crop&w=900&q=80
fuera-del-agua-estela-22,Fuera del Agua Estela 22,"<p>Fuera del Agua Estela 22 de Marianela Vieira. Diseño moderno con cortes cuidadosos, acabados premium y un ajuste pensado para sentir confianza y comodidad.</p>",Marianela Vieira,Fuera del Agua,Ropa,"Fuera del Agua, Marianela Vieira, fuera del agua, featured, bestseller",TRUE,Talla,M,MV-FUE-022,96.00,20,https://images.unsplash.com/photo-1524504388940-b1c1722653e1?auto=format&fit=crop&w=900&q=80
fuera-del-agua-liana-23,Fuera del Agua Liana 23,"<p>Fuera del Agua Liana 23 de Marianela Vieira. Diseño moderno con cortes cuidadosos, acabados premium y un ajuste pensado para sentir confianza y comodidad.</p>",Marianela Vieira,Fuera del Agua,Ropa,"Fuera del Agua, Marianela Vieira, fuera del agua, featured, bestseller",TRUE,Talla,M,MV-FUE-023,99.00,20,https://images.unsplash.com/photo-1524504388940-b1c1722653e1?auto=format&fit=crop&w=900&q=80
fuera-del-agua-viajera-24,Fuera del Agua Viajera 24,"<p>Fuera del Agua Viajera 24 de Marianela Vieira. Diseño moderno con cortes cuidadosos, acabados premium y un ajuste pensado para sentir confianza y comodidad.</p>",Marianela Vieira,Fuera del Agua,Ropa,"Fuera del Agua, Marianela Vieira, fuera del agua, featured, bestseller",TRUE,Talla,M,MV-FUE-024,84.00,20,https://images.unsplash.com/photo-1524504388940-b1c1722653e1?auto=format&fit=crop&w=900&q=80
fuera-del-agua-ari-25,Fuera del Agua Ari 25,"<p>Fuera del Agua Ari 25 de Marianela Vieira. Diseño moderno con cortes cuidadosos, acabados premium y un ajuste pensado para sentir confianza y comodidad.</p>",Marianela Vieira,Fuera del Agua,Ropa,"Fuera del Agua, Marianela Vieira, fuera del agua, featured, bestseller",TRUE,Talla,M,MV-FUE-025,87.00,20,https://images.unsplash.com/photo-1524504388940-b1c1722653e1?auto=format&fit=crop&w=900&q=80
fuera-del-agua-mica-26,Fuera del Agua Mica 26,"<p>Fuera del Agua Mica 26 de Marianela Vieira. Diseño moderno con cortes cuidadosos, acabados premium y un ajuste pensado para sentir confianza y comodidad.</p>",Marianela Vieira,Fuera del Agua,Ropa,"Fuera del Agua, Marianela Vieira, fuera del agua, featured, bestseller",TRUE,Talla,M,MV-FUE-026,90.00,20,https://images.unsplash.com/photo-1524504388940-b1c1722653e1?auto=format&fit=crop&w=900&q=80
fuera-del-agua-pilar-27,Fuera del Agua Pilar 27,"<p>Fuera del Agua Pilar 27 de Marianela Vieira. Diseño moderno con cortes cuidadosos, acabados premium y un ajuste pensado para sentir confianza y comodidad.</p>",Marianela Vieira,Fuera del Agua,Ropa,"Fuera del Agua, Marianela Vieira, fuera del agua, featured, sale",TRUE,Talla,M,MV-FUE-027,93.00,20,https://images.unsplash.com/photo-1524504388940-b1c1722653e1?auto=format&fit=crop&w=900&q=80
fuera-del-agua-aura-28,Fuera del Agua Aura 28,"<p>Fuera del Agua Aura 28 de Marianela Vieira. Diseño moderno con cortes cuidadosos, acabados premium y un ajuste pensado para sentir confianza y comodidad.</p>",Marianela Vieira,Fuera del Agua,Ropa,"Fuera del Agua, Marianela Vieira, fuera del agua, featured, bestseller",TRUE,Talla,M,MV-FUE-028,96.00,20,https://images.unsplash.com/photo-1524504388940-b1c1722653e1?auto=format&fit=crop&w=900&q=80
fuera-del-agua-beso-29,Fuera del Agua Beso 29,"<p>Fuera del Agua Beso 29 de Marianela Vieira. Diseño moderno con cortes cuidadosos, acabados premium y un ajuste pensado para sentir confianza y comodidad.</p>",Marianela Vieira,Fuera del Agua,Ropa,"Fuera del Agua, Marianela Vieira, fuera del agua, featured, bestseller",TRUE,Talla,M,MV-FUE-029,99.00,20,https://images.unsplash.com/photo-1524504388940-b1c1722653e1?auto=format&fit=crop&w=900&q=80
fuera-del-agua-tessa-30,Fuera del Agua Tessa 30,"<p>Fuera del Agua Tessa 30 de Marianela Vieira. Diseño moderno con cortes cuidadosos, acabados premium y un ajuste pensado para sentir confianza y comodidad.</p>",Marianela Vieira,Fuera del Agua,Ropa,"Fuera del Agua, Marianela Vieira, fuera del agua, featured, bestseller",TRUE,Talla,M,MV-FUE-030,84.00,20,https://images.unsplash.com/photo-1524504388940-b1c1722653e1?auto=format&fit=crop&w=900&q=80
fuera-del-agua-sombra-31,Fuera del Agua Sombra 31,"<p>Fuera del Agua Sombra 31 de Marianela Vieira. Diseño moderno con cortes cuidadosos, acabados premium y un ajuste pensado para sentir confianza y comodidad.</p>",Marianela Vieira,Fuera del Agua,Ropa,"Fuera del Agua, Marianela Vieira, fuera del agua, featured, bestseller",TRUE,Talla,M,MV-FUE-031,87.00,20,https://images.unsplash.com/photo-1524504388940-b1c1722653e1?auto=format&fit=crop&w=900&q=80
fuera-del-agua-estela-32,Fuera del Agua Estela 32,"<p>Fuera del Agua Estela 32 de Marianela Vieira. Diseño moderno con cortes cuidadosos, acabados premium y un ajuste pensado para sentir confianza y comodidad.</p>",Marianela Vieira,Fuera del Agua,Ropa,"Fuera del Agua, Marianela Vieira, fuera del agua, featured, bestseller",TRUE,Talla,M,MV-FUE-032,90.00,20,https://images.unsplash.com/photo-1524504388940-b1c1722653e1?auto=format&fit=crop&w=900&q=80
fuera-del-agua-liana-33,Fuera del Agua Liana 33,"<p>Fuera del Agua Liana 33 de Marianela Vieira. Diseño moderno con cortes cuidadosos, acabados premium y un ajuste pensado para sentir confianza y comodidad.</p>",Marianela Vieira,Fuera del Agua,Ropa,"Fuera del Agua, Marianela Vieira, fuera del agua, featured, bestseller",TRUE,Talla,M,MV-FUE-033,93.00,20,https://images.unsplash.com/photo-1524504388940-b1c1722653e1?auto=format&fit=crop&w=900&q=80
fuera-del-agua-viajera-34,Fuera del Agua Viajera 34,"<p>Fuera del Agua Viajera 34 de Marianela Vieira. Diseño moderno con cortes cuidadosos, acabados premium y un ajuste pensado para sentir confianza y comodidad.</p>",Marianela Vieira,Fuera del Agua,Ropa,"Fuera del Agua, Marianela Vieira, fuera del agua, featured, bestseller",TRUE,Talla,M,MV-FUE-034,96.00,20,https://images.unsplash.com/photo-1524504388940-b1c1722653e1?auto=format&fit=crop&w=900&q=80
fuera-del-agua-ari-35,Fuera del Agua Ari 35,"<p>Fuera del Agua Ari 35 de Marianela Vieira. Diseño moderno con cortes cuidadosos, acabados premium y un ajuste pensado para sentir confianza y comodidad.</p>",Marianela Vieira,Fuera del Agua,Ropa,"Fuera del Agua, Marianela Vieira, fuera del agua, featured, bestseller",TRUE,Talla,M,MV-FUE-035,99.00,20,https://images.unsplash.com/photo-1524504388940-b1c1722653e1?auto=format&fit=crop&w=900&q=80
fuera-del-agua-mica-36,Fuera del Agua Mica 36,"<p>Fuera del Agua Mica 36 de Marianela Vieira. Diseño moderno con cortes cuidadosos, acabados premium y un ajuste pensado para sentir confianza y comodidad.</p>",Marianela Vieira,Fuera del Agua,Ropa,"Fuera del Agua, Marianela Vieira, fuera del agua, featured, sale",TRUE,Talla,M,MV-FUE-036,84.00,20,https://images.unsplash.com/photo-1524504388940-b1c1722653e1?auto=format&fit=crop&w=900&q=80
fuera-del-agua-pilar-37,Fuera del Agua Pilar 37,"<p>Fuera del Agua Pilar 37 de Marianela Vieira. Diseño moderno con cortes cuidadosos, acabados premium y un ajuste pensado para sentir confianza y comodidad.</p>",Marianela Vieira,Fuera del Agua,Ropa,"Fuera del Agua, Marianela Vieira, fuera del agua, featured, bestseller",TRUE,Talla,M,MV-FUE-037,87.00,20,https://images.unsplash.com/photo-1524504388940-b1c1722653e1?auto=format&fit=crop&w=900&q=80
fuera-del-agua-aura-38,Fuera del Agua Aura 38,"<p>Fuera del Agua Aura 38 de Marianela Vieira. Diseño moderno con cortes cuidadosos, acabados premium y un ajuste pensado para sentir confianza y comodidad.</p>",Marianela Vieira,Fuera del Agua,Ropa,"Fuera del Agua, Marianela Vieira, fuera del agua, featured, bestseller",TRUE,Talla,M,MV-FUE-038,90.00,20,https://images.unsplash.com/photo-1524504388940-b1c1722653e1?auto=format&fit=crop&w=900&q=80
fuera-del-agua-beso-39,Fuera del Agua Beso 39,"<p>Fuera del Agua Beso 39 de Marianela Vieira. Diseño moderno con cortes cuidadosos, acabados premium y un ajuste pensado para sentir confianza y comodidad.</p>",Marianela Vieira,Fuera del Agua,Ropa,"Fuera del Agua, Marianela Vieira, fuera del agua, featured, bestseller",TRUE,Talla,M,MV-FUE-039,93.00,20,https://images.unsplash.com/photo-1524504388940-b1c1722653e1?auto=format&fit=crop&w=900&q=80
fuera-del-agua-tessa-40,Fuera del Agua Tessa 40,"<p>Fuera del Agua Tessa 40 de Marianela Vieira. Diseño moderno con cortes cuidadosos, acabados premium y un ajuste pensado para sentir confianza y comodidad.</p>",Marianela Vieira,Fuera del Agua,Ropa,"Fuera del Agua, Marianela Vieira, fuera del agua, featured, bestseller",TRUE,Talla,M,MV-FUE-040,96.00,20,https://images.unsplash.com/photo-1524504388940-b1c1722653e1?auto=format&fit=crop&w=900&q=80
fuera-del-agua-sombra-41,Fuera del Agua Sombra 41,"<p>Fuera del Agua Sombra 41 de Marianela Vieira. Diseño moderno con cortes cuidadosos, acabados premium y un ajuste pensado para sentir confianza y comodidad.</p>",Marianela Vieira,Fuera del Agua,Ropa,"Fuera del Agua, Marianela Vieira, fuera del agua, featured, bestseller",TRUE,Talla,M,MV-FUE-041,99.00,20,https://images.unsplash.com/photo-1524504388940-b1c1722653e1?auto=format&fit=crop&w=900&q=80
fuera-del-agua-estela-42,Fuera del Agua Estela 42,"<p>Fuera del Agua Estela 42 de Marianela Vieira. Diseño moderno con cortes cuidadosos, acabados premium y un ajuste pensado para sentir confianza y comodidad.</p>",Marianela Vieira,Fuera del Agua,Ropa,"Fuera del Agua, Marianela Vieira, fuera del agua, featured, bestseller",TRUE,Talla,M,MV-FUE-042,84.00,20,https://images.unsplash.com/photo-1524504388940-b1c1722653e1?auto=format&fit=crop&w=900&q=80
fuera-del-agua-liana-43,Fuera del Agua Liana 43,"<p>Fuera del Agua Liana 43 de Marianela Vieira. Diseño moderno con cortes cuidadosos, acabados premium y un ajuste pensado para sentir confianza y comodidad.</p>",Marianela Vieira,Fuera del Agua,Ropa,"Fuera del Agua, Marianela Vieira, fuera del agua, featured, bestseller",TRUE,Talla,M,MV-FUE-043,87.00,20,https://images.unsplash.com/photo-1524504388940-b1c1722653e1?auto=format&fit=crop&w=900&q=80
fuera-del-agua-viajera-44,Fuera del Agua Viajera 44,"<p>Fuera del Agua Viajera 44 de Marianela Vieira. Diseño moderno con cortes cuidadosos, acabados premium y un ajuste pensado para sentir confianza y comodidad.</p>",Marianela Vieira,Fuera del Agua,Ropa,"Fuera del Agua, Marianela Vieira, fuera del agua, featured, bestseller",TRUE,Talla,M,MV-FUE-044,90.00,20,https://images.unsplash.com/photo-1524504388940-b1c1722653e1?auto=format&fit=crop&w=900&q=80
fuera-del-agua-ari-45,Fuera del Agua Ari 45,"<p>Fuera del Agua Ari 45 de Marianela Vieira. Diseño moderno con cortes cuidadosos, acabados premium y un ajuste pensado para sentir confianza y comodidad.</p>",Marianela Vieira,Fuera del Agua,Ropa,"Fuera del Agua, Marianela Vieira, fuera del agua, featured, sale",TRUE,Talla,M,MV-FUE-045,93.00,20,https://images.unsplash.com/photo-1524504388940-b1c1722653e1?auto=format&fit=crop&w=900&q=80
fuera-del-agua-mica-46,Fuera del Agua Mica 46,"<p>Fuera del Agua Mica 46 de Marianela Vieira. Diseño moderno con cortes cuidadosos, acabados premium y un ajuste pensado para sentir confianza y comodidad.</p>",Marianela Vieira,Fuera del Agua,Ropa,"Fuera del Agua, Marianela Vieira, fuera del agua, featured, bestseller",TRUE,Talla,M,MV-FUE-046,96.00,20,https://images.unsplash.com/photo-1524504388940-b1c1722653e1?auto=format&fit=crop&w=900&q=80
fuera-del-agua-pilar-47,Fuera del Agua Pilar 47,"<p>Fuera del Agua Pilar 47 de Marianela Vieira. Diseño moderno con cortes cuidadosos, acabados premium y un ajuste pensado para sentir confianza y comodidad.</p>",Marianela Vieira,Fuera del Agua,Ropa,"Fuera del Agua, Marianela Vieira, fuera del agua, featured, bestseller",TRUE,Talla,M,MV-FUE-047,99.00,20,https://images.unsplash.com/photo-1524504388940-b1c1722653e1?auto=format&fit=crop&w=900&q=80
fuera-del-agua-aura-48,Fuera del Agua Aura 48,"<p>Fuera del Agua Aura 48 de Marianela Vieira. Diseño moderno con cortes cuidadosos, acabados premium y un ajuste pensado para sentir confianza y comodidad.</p>",Marianela Vieira,Fuera del Agua,Ropa,"Fuera del Agua, Marianela Vieira, fuera del agua, featured, bestseller",TRUE,Talla,M,MV-FUE-048,84.00,20,https://images.unsplash.com/photo-1524504388940-b1c1722653e1?auto=format&fit=crop&w=900&q=80
fuera-del-agua-beso-49,Fuera del Agua Beso 49,"<p>Fuera del Agua Beso 49 de Marianela Vieira. Diseño moderno con cortes cuidadosos, acabados premium y un ajuste pensado para sentir confianza y comodidad.</p>",Marianela Vieira,Fuera del Agua,Ropa,"Fuera del Agua, Marianela Vieira, fuera del agua, featured, bestseller",TRUE,Talla,M,MV-FUE-049,87.00,20,https://images.unsplash.com/photo-1524504388940-b1c1722653e1?auto=format&fit=crop&w=900&q=80
fuera-del-agua-tessa-50,Fuera del Agua Tessa 50,"<p>Fuera del Agua Tessa 50 de Marianela Vieira. Diseño moderno con cortes cuidadosos, acabados premium y un ajuste pensado para sentir confianza y comodidad.</p>",Marianela Vieira,Fuera del Agua,Ropa,"Fuera del Agua, Marianela Vieira, fuera del agua, featured, bestseller",TRUE,Talla,M,MV-FUE-050,90.00,20,https://images.unsplash.com/photo-1524504388940-b1c1722653e1?auto=format&fit=crop&w=900&q=80
accesorios-aster-01,Accesorios Aster 01,"<p>Accesorios Aster 01 de Marianela Vieira. Diseño moderno con cortes cuidadosos, acabados premium y un ajuste pensado para sentir confianza y comodidad.</p>",Marianela Vieira,Accesorios,Ropa,"Accesorios, Marianela Vieira, accesorios, new, bestseller",TRUE,Talla,M,MV-ACC-001,48.00,20,https://images.unsplash.com/photo-1524504388940-b1c1722653e1?auto=format&fit=crop&w=900&q=80
accesorios-mora-02,Accesorios Mora 02,"<p>Accesorios Mora 02 de Marianela Vieira. Diseño moderno con cortes cuidadosos, acabados premium y un ajuste pensado para sentir confianza y comodidad.</p>",Marianela Vieira,Accesorios,Ropa,"Accesorios, Marianela Vieira, accesorios, new, bestseller",TRUE,Talla,M,MV-ACC-002,51.00,20,https://images.unsplash.com/photo-1524504388940-b1c1722653e1?auto=format&fit=crop&w=900&q=80
accesorios-brisa-03,Accesorios Brisa 03,"<p>Accesorios Brisa 03 de Marianela Vieira. Diseño moderno con cortes cuidadosos, acabados premium y un ajuste pensado para sentir confianza y comodidad.</p>",Marianela Vieira,Accesorios,Ropa,"Accesorios, Marianela Vieira, accesorios, new, bestseller",TRUE,Talla,M,MV-ACC-003,54.00,20,https://images.unsplash.com/photo-1524504388940-b1c1722653e1?auto=format&fit=crop&w=900&q=80
accesorios-cintura-04,Accesorios Cintura 04,"<p>Accesorios Cintura 04 de Marianela Vieira. Diseño moderno con cortes cuidadosos, acabados premium y un ajuste pensado para sentir confianza y comodidad.</p>",Marianela Vieira,Accesorios,Ropa,"Accesorios, Marianela Vieira, accesorios, new, bestseller",TRUE,Talla,M,MV-ACC-004,57.00,20,https://images.unsplash.com/photo-1524504388940-b1c1722653e1?auto=format&fit=crop&w=900&q=80
accesorios-baya-05,Accesorios Baya 05,"<p>Accesorios Baya 05 de Marianela Vieira. Diseño moderno con cortes cuidadosos, acabados premium y un ajuste pensado para sentir confianza y comodidad.</p>",Marianela Vieira,Accesorios,Ropa,"Accesorios, Marianela Vieira, accesorios, new, bestseller",TRUE,Talla,M,MV-ACC-005,60.00,20,https://images.unsplash.com/photo-1524504388940-b1c1722653e1?auto=format&fit=crop&w=900&q=80
accesorios-noche-06,Accesorios Noche 06,"<p>Accesorios Noche 06 de Marianela Vieira. Diseño moderno con cortes cuidadosos, acabados premium y un ajuste pensado para sentir confianza y comodidad.</p>",Marianela Vieira,Accesorios,Ropa,"Accesorios, Marianela Vieira, accesorios, new, bestseller",TRUE,Talla,M,MV-ACC-006,45.00,20,https://images.unsplash.com/photo-1524504388940-b1c1722653e1?auto=format&fit=crop&w=900&q=80
accesorios-pera-07,Accesorios Pera 07,"<p>Accesorios Pera 07 de Marianela Vieira. Diseño moderno con cortes cuidadosos, acabados premium y un ajuste pensado para sentir confianza y comodidad.</p>",Marianela Vieira,Accesorios,Ropa,"Accesorios, Marianela Vieira, accesorios, new, bestseller",TRUE,Talla,M,MV-ACC-007,48.00,20,https://images.unsplash.com/photo-1524504388940-b1c1722653e1?auto=format&fit=crop&w=900&q=80
accesorios-solei-08,Accesorios Solei 08,"<p>Accesorios Solei 08 de Marianela Vieira. Diseño moderno con cortes cuidadosos, acabados premium y un ajuste pensado para sentir confianza y comodidad.</p>",Marianela Vieira,Accesorios,Ropa,"Accesorios, Marianela Vieira, accesorios, new, bestseller",TRUE,Talla,M,MV-ACC-008,51.00,20,https://images.unsplash.com/photo-1524504388940-b1c1722653e1?auto=format&fit=crop&w=900&q=80
accesorios-luna-09,Accesorios Luna 09,"<p>Accesorios Luna 09 de Marianela Vieira. Diseño moderno con cortes cuidadosos, acabados premium y un ajuste pensado para sentir confianza y comodidad.</p>",Marianela Vieira,Accesorios,Ropa,"Accesorios, Marianela Vieira, accesorios, new, sale",TRUE,Talla,M,MV-ACC-009,54.00,20,https://images.unsplash.com/photo-1524504388940-b1c1722653e1?auto=format&fit=crop&w=900&q=80
accesorios-gala-10,Accesorios Gala 10,"<p>Accesorios Gala 10 de Marianela Vieira. Diseño moderno con cortes cuidadosos, acabados premium y un ajuste pensado para sentir confianza y comodidad.</p>",Marianela Vieira,Accesorios,Ropa,"Accesorios, Marianela Vieira, accesorios, new, bestseller",TRUE,Talla,M,MV-ACC-010,57.00,20,https://images.unsplash.com/photo-1524504388940-b1c1722653e1?auto=format&fit=crop&w=900&q=80
accesorios-aster-11,Accesorios Aster 11,"<p>Accesorios Aster 11 de Marianela Vieira. Diseño moderno con cortes cuidadosos, acabados premium y un ajuste pensado para sentir confianza y comodidad.</p>",Marianela Vieira,Accesorios,Ropa,"Accesorios, Marianela Vieira, accesorios, new, bestseller",TRUE,Talla,M,MV-ACC-011,60.00,20,https://images.unsplash.com/photo-1524504388940-b1c1722653e1?auto=format&fit=crop&w=900&q=80
accesorios-mora-12,Accesorios Mora 12,"<p>Accesorios Mora 12 de Marianela Vieira. Diseño moderno con cortes cuidadosos, acabados premium y un ajuste pensado para sentir confianza y comodidad.</p>",Marianela Vieira,Accesorios,Ropa,"Accesorios, Marianela Vieira, accesorios, new, bestseller",TRUE,Talla,M,MV-ACC-012,45.00,20,https://images.unsplash.com/photo-1524504388940-b1c1722653e1?auto=format&fit=crop&w=900&q=80
accesorios-brisa-13,Accesorios Brisa 13,"<p>Accesorios Brisa 13 de Marianela Vieira. Diseño moderno con cortes cuidadosos, acabados premium y un ajuste pensado para sentir confianza y comodidad.</p>",Marianela Vieira,Accesorios,Ropa,"Accesorios, Marianela Vieira, accesorios, new, bestseller",TRUE,Talla,M,MV-ACC-013,48.00,20,https://images.unsplash.com/photo-1524504388940-b1c1722653e1?auto=format&fit=crop&w=900&q=80
accesorios-cintura-14,Accesorios Cintura 14,"<p>Accesorios Cintura 14 de Marianela Vieira. Diseño moderno con cortes cuidadosos, acabados premium y un ajuste pensado para sentir confianza y comodidad.</p>",Marianela Vieira,Accesorios,Ropa,"Accesorios, Marianela Vieira, accesorios, new, bestseller",TRUE,Talla,M,MV-ACC-014,51.00,20,https://images.unsplash.com/photo-1524504388940-b1c1722653e1?auto=format&fit=crop&w=900&q=80
accesorios-baya-15,Accesorios Baya 15,"<p>Accesorios Baya 15 de Marianela Vieira. Diseño moderno con cortes cuidadosos, acabados premium y un ajuste pensado para sentir confianza y comodidad.</p>",Marianela Vieira,Accesorios,Ropa,"Accesorios, Marianela Vieira, accesorios, new, bestseller",TRUE,Talla,M,MV-ACC-015,54.00,20,https://images.unsplash.com/photo-1524504388940-b1c1722653e1?auto=format&fit=crop&w=900&q=80
accesorios-noche-16,Accesorios Noche 16,"<p>Accesorios Noche 16 de Marianela Vieira. Diseño moderno con cortes cuidadosos, acabados premium y un ajuste pensado para sentir confianza y comodidad.</p>",Marianela Vieira,Accesorios,Ropa,"Accesorios, Marianela Vieira, accesorios, featured, bestseller",TRUE,Talla,M,MV-ACC-016,57.00,20,https://images.unsplash.com/photo-1524504388940-b1c1722653e1?auto=format&fit=crop&w=900&q=80
accesorios-pera-17,Accesorios Pera 17,"<p>Accesorios Pera 17 de Marianela Vieira. Diseño moderno con cortes cuidadosos, acabados premium y un ajuste pensado para sentir confianza y comodidad.</p>",Marianela Vieira,Accesorios,Ropa,"Accesorios, Marianela Vieira, accesorios, featured, bestseller",TRUE,Talla,M,MV-ACC-017,60.00,20,https://images.unsplash.com/photo-1524504388940-b1c1722653e1?auto=format&fit=crop&w=900&q=80
accesorios-solei-18,Accesorios Solei 18,"<p>Accesorios Solei 18 de Marianela Vieira. Diseño moderno con cortes cuidadosos, acabados premium y un ajuste pensado para sentir confianza y comodidad.</p>",Marianela Vieira,Accesorios,Ropa,"Accesorios, Marianela Vieira, accesorios, featured, sale",TRUE,Talla,M,MV-ACC-018,45.00,20,https://images.unsplash.com/photo-1524504388940-b1c1722653e1?auto=format&fit=crop&w=900&q=80
accesorios-luna-19,Accesorios Luna 19,"<p>Accesorios Luna 19 de Marianela Vieira. Diseño moderno con cortes cuidadosos, acabados premium y un ajuste pensado para sentir confianza y comodidad.</p>",Marianela Vieira,Accesorios,Ropa,"Accesorios, Marianela Vieira, accesorios, featured, bestseller",TRUE,Talla,M,MV-ACC-019,48.00,20,https://images.unsplash.com/photo-1524504388940-b1c1722653e1?auto=format&fit=crop&w=900&q=80
accesorios-gala-20,Accesorios Gala 20,"<p>Accesorios Gala 20 de Marianela Vieira. Diseño moderno con cortes cuidadosos, acabados premium y un ajuste pensado para sentir confianza y comodidad.</p>",Marianela Vieira,Accesorios,Ropa,"Accesorios, Marianela Vieira, accesorios, featured, bestseller",TRUE,Talla,M,MV-ACC-020,51.00,20,https://images.unsplash.com/photo-1524504388940-b1c1722653e1?auto=format&fit=crop&w=900&q=80
accesorios-aster-21,Accesorios Aster 21,"<p>Accesorios Aster 21 de Marianela Vieira. Diseño moderno con cortes cuidadosos, acabados premium y un ajuste pensado para sentir confianza y comodidad.</p>",Marianela Vieira,Accesorios,Ropa,"Accesorios, Marianela Vieira, accesorios, featured, bestseller",TRUE,Talla,M,MV-ACC-021,54.00,20,https://images.unsplash.com/photo-1524504388940-b1c1722653e1?auto=format&fit=crop&w=900&q=80
accesorios-mora-22,Accesorios Mora 22,"<p>Accesorios Mora 22 de Marianela Vieira. Diseño moderno con cortes cuidadosos, acabados premium y un ajuste pensado para sentir confianza y comodidad.</p>",Marianela Vieira,Accesorios,Ropa,"Accesorios, Marianela Vieira, accesorios, featured, bestseller",TRUE,Talla,M,MV-ACC-022,57.00,20,https://images.unsplash.com/photo-1524504388940-b1c1722653e1?auto=format&fit=crop&w=900&q=80
accesorios-brisa-23,Accesorios Brisa 23,"<p>Accesorios Brisa 23 de Marianela Vieira. Diseño moderno con cortes cuidadosos, acabados premium y un ajuste pensado para sentir confianza y comodidad.</p>",Marianela Vieira,Accesorios,Ropa,"Accesorios, Marianela Vieira, accesorios, featured, bestseller",TRUE,Talla,M,MV-ACC-023,60.00,20,https://images.unsplash.com/photo-1524504388940-b1c1722653e1?auto=format&fit=crop&w=900&q=80
accesorios-cintura-24,Accesorios Cintura 24,"<p>Accesorios Cintura 24 de Marianela Vieira. Diseño moderno con cortes cuidadosos, acabados premium y un ajuste pensado para sentir confianza y comodidad.</p>",Marianela Vieira,Accesorios,Ropa,"Accesorios, Marianela Vieira, accesorios, featured, bestseller",TRUE,Talla,M,MV-ACC-024,45.00,20,https://images.unsplash.com/photo-1524504388940-b1c1722653e1?auto=format&fit=crop&w=900&q=80
accesorios-baya-25,Accesorios Baya 25,"<p>Accesorios Baya 25 de Marianela Vieira. Diseño moderno con cortes cuidadosos, acabados premium y un ajuste pensado para sentir confianza y comodidad.</p>",Marianela Vieira,Accesorios,Ropa,"Accesorios, Marianela Vieira, accesorios, featured, bestseller",TRUE,Talla,M,MV-ACC-025,48.00,20,https://images.unsplash.com/photo-1524504388940-b1c1722653e1?auto=format&fit=crop&w=900&q=80
accesorios-noche-26,Accesorios Noche 26,"<p>Accesorios Noche 26 de Marianela Vieira. Diseño moderno con cortes cuidadosos, acabados premium y un ajuste pensado para sentir confianza y comodidad.</p>",Marianela Vieira,Accesorios,Ropa,"Accesorios, Marianela Vieira, accesorios, featured, bestseller",TRUE,Talla,M,MV-ACC-026,51.00,20,https://images.unsplash.com/photo-1524504388940-b1c1722653e1?auto=format&fit=crop&w=900&q=80
accesorios-pera-27,Accesorios Pera 27,"<p>Accesorios Pera 27 de Marianela Vieira. Diseño moderno con cortes cuidadosos, acabados premium y un ajuste pensado para sentir confianza y comodidad.</p>",Marianela Vieira,Accesorios,Ropa,"Accesorios, Marianela Vieira, accesorios, featured, sale",TRUE,Talla,M,MV-ACC-027,54.00,20,https://images.unsplash.com/photo-1524504388940-b1c1722653e1?auto=format&fit=crop&w=900&q=80
accesorios-solei-28,Accesorios Solei 28,"<p>Accesorios Solei 28 de Marianela Vieira. Diseño moderno con cortes cuidadosos, acabados premium y un ajuste pensado para sentir confianza y comodidad.</p>",Marianela Vieira,Accesorios,Ropa,"Accesorios, Marianela Vieira, accesorios, featured, bestseller",TRUE,Talla,M,MV-ACC-028,57.00,20,https://images.unsplash.com/photo-1524504388940-b1c1722653e1?auto=format&fit=crop&w=900&q=80
accesorios-luna-29,Accesorios Luna 29,"<p>Accesorios Luna 29 de Marianela Vieira. Diseño moderno con cortes cuidadosos, acabados premium y un ajuste pensado para sentir confianza y comodidad.</p>",Marianela Vieira,Accesorios,Ropa,"Accesorios, Marianela Vieira, accesorios, featured, bestseller",TRUE,Talla,M,MV-ACC-029,60.00,20,https://images.unsplash.com/photo-1524504388940-b1c1722653e1?auto=format&fit=crop&w=900&q=80
accesorios-gala-30,Accesorios Gala 30,"<p>Accesorios Gala 30 de Marianela Vieira. Diseño moderno con cortes cuidadosos, acabados premium y un ajuste pensado para sentir confianza y comodidad.</p>",Marianela Vieira,Accesorios,Ropa,"Accesorios, Marianela Vieira, accesorios, featured, bestseller",TRUE,Talla,M,MV-ACC-030,45.00,20,https://images.unsplash.com/photo-1524504388940-b1c1722653e1?auto=format&fit=crop&w=900&q=80
accesorios-aster-31,Accesorios Aster 31,"<p>Accesorios Aster 31 de Marianela Vieira. Diseño moderno con cortes cuidadosos, acabados premium y un ajuste pensado para sentir confianza y comodidad.</p>",Marianela Vieira,Accesorios,Ropa,"Accesorios, Marianela Vieira, accesorios, featured, bestseller",TRUE,Talla,M,MV-ACC-031,48.00,20,https://images.unsplash.com/photo-1524504388940-b1c1722653e1?auto=format&fit=crop&w=900&q=80
accesorios-mora-32,Accesorios Mora 32,"<p>Accesorios Mora 32 de Marianela Vieira. Diseño moderno con cortes cuidadosos, acabados premium y un ajuste pensado para sentir confianza y comodidad.</p>",Marianela Vieira,Accesorios,Ropa,"Accesorios, Marianela Vieira, accesorios, featured, bestseller",TRUE,Talla,M,MV-ACC-032,51.00,20,https://images.unsplash.com/photo-1524504388940-b1c1722653e1?auto=format&fit=crop&w=900&q=80
accesorios-brisa-33,Accesorios Brisa 33,"<p>Accesorios Brisa 33 de Marianela Vieira. Diseño moderno con cortes cuidadosos, acabados premium y un ajuste pensado para sentir confianza y comodidad.</p>",Marianela Vieira,Accesorios,Ropa,"Accesorios, Marianela Vieira, accesorios, featured, bestseller",TRUE,Talla,M,MV-ACC-033,54.00,20,https://images.unsplash.com/photo-1524504388940-b1c1722653e1?auto=format&fit=crop&w=900&q=80
accesorios-cintura-34,Accesorios Cintura 34,"<p>Accesorios Cintura 34 de Marianela Vieira. Diseño moderno con cortes cuidadosos, acabados premium y un ajuste pensado para sentir confianza y comodidad.</p>",Marianela Vieira,Accesorios,Ropa,"Accesorios, Marianela Vieira, accesorios, featured, bestseller",TRUE,Talla,M,MV-ACC-034,57.00,20,https://images.unsplash.com/photo-1524504388940-b1c1722653e1?auto=format&fit=crop&w=900&q=80
accesorios-baya-35,Accesorios Baya 35,"<p>Accesorios Baya 35 de Marianela Vieira. Diseño moderno con cortes cuidadosos, acabados premium y un ajuste pensado para sentir confianza y comodidad.</p>",Marianela Vieira,Accesorios,Ropa,"Accesorios, Marianela Vieira, accesorios, featured, bestseller",TRUE,Talla,M,MV-ACC-035,60.00,20,https://images.unsplash.com/photo-1524504388940-b1c1722653e1?auto=format&fit=crop&w=900&q=80
accesorios-noche-36,Accesorios Noche 36,"<p>Accesorios Noche 36 de Marianela Vieira. Diseño moderno con cortes cuidadosos, acabados premium y un ajuste pensado para sentir confianza y comodidad.</p>",Marianela Vieira,Accesorios,Ropa,"Accesorios, Marianela Vieira, accesorios, featured, sale",TRUE,Talla,M,MV-ACC-036,45.00,20,https://images.unsplash.com/photo-1524504388940-b1c1722653e1?auto=format&fit=crop&w=900&q=80
accesorios-pera-37,Accesorios Pera 37,"<p>Accesorios Pera 37 de Marianela Vieira. Diseño moderno con cortes cuidadosos, acabados premium y un ajuste pensado para sentir confianza y comodidad.</p>",Marianela Vieira,Accesorios,Ropa,"Accesorios, Marianela Vieira, accesorios, featured, bestseller",TRUE,Talla,M,MV-ACC-037,48.00,20,https://images.unsplash.com/photo-1524504388940-b1c1722653e1?auto=format&fit=crop&w=900&q=80
accesorios-solei-38,Accesorios Solei 38,"<p>Accesorios Solei 38 de Marianela Vieira. Diseño moderno con cortes cuidadosos, acabados premium y un ajuste pensado para sentir confianza y comodidad.</p>",Marianela Vieira,Accesorios,Ropa,"Accesorios, Marianela Vieira, accesorios, featured, bestseller",TRUE,Talla,M,MV-ACC-038,51.00,20,https://images.unsplash.com/photo-1524504388940-b1c1722653e1?auto=format&fit=crop&w=900&q=80
accesorios-luna-39,Accesorios Luna 39,"<p>Accesorios Luna 39 de Marianela Vieira. Diseño moderno con cortes cuidadosos, acabados premium y un ajuste pensado para sentir confianza y comodidad.</p>",Marianela Vieira,Accesorios,Ropa,"Accesorios, Marianela Vieira, accesorios, featured, bestseller",TRUE,Talla,M,MV-ACC-039,54.00,20,https://images.unsplash.com/photo-1524504388940-b1c1722653e1?auto=format&fit=crop&w=900&q=80
accesorios-gala-40,Accesorios Gala 40,"<p>Accesorios Gala 40 de Marianela Vieira. Diseño moderno con cortes cuidadosos, acabados premium y un ajuste pensado para sentir confianza y comodidad.</p>",Marianela Vieira,Accesorios,Ropa,"Accesorios, Marianela Vieira, accesorios, featured, bestseller",TRUE,Talla,M,MV-ACC-040,57.00,20,https://images.unsplash.com/photo-1524504388940-b1c1722653e1?auto=format&fit=crop&w=900&q=80
accesorios-aster-41,Accesorios Aster 41,"<p>Accesorios Aster 41 de Marianela Vieira. Diseño moderno con cortes cuidadosos, acabados premium y un ajuste pensado para sentir confianza y comodidad.</p>",Marianela Vieira,Accesorios,Ropa,"Accesorios, Marianela Vieira, accesorios, featured, bestseller",TRUE,Talla,M,MV-ACC-041,60.00,20,https://images.unsplash.com/photo-1524504388940-b1c1722653e1?auto=format&fit=crop&w=900&q=80
accesorios-mora-42,Accesorios Mora 42,"<p>Accesorios Mora 42 de Marianela Vieira. Diseño moderno con cortes cuidadosos, acabados premium y un ajuste pensado para sentir confianza y comodidad.</p>",Marianela Vieira,Accesorios,Ropa,"Accesorios, Marianela Vieira, accesorios, featured, bestseller",TRUE,Talla,M,MV-ACC-042,45.00,20,https://images.unsplash.com/photo-1524504388940-b1c1722653e1?auto=format&fit=crop&w=900&q=80
accesorios-brisa-43,Accesorios Brisa 43,"<p>Accesorios Brisa 43 de Marianela Vieira. Diseño moderno con cortes cuidadosos, acabados premium y un ajuste pensado para sentir confianza y comodidad.</p>",Marianela Vieira,Accesorios,Ropa,"Accesorios, Marianela Vieira, accesorios, featured, bestseller",TRUE,Talla,M,MV-ACC-043,48.00,20,https://images.unsplash.com/photo-1524504388940-b1c1722653e1?auto=format&fit=crop&w=900&q=80
accesorios-cintura-44,Accesorios Cintura 44,"<p>Accesorios Cintura 44 de Marianela Vieira. Diseño moderno con cortes cuidadosos, acabados premium y un ajuste pensado para sentir confianza y comodidad.</p>",Marianela Vieira,Accesorios,Ropa,"Accesorios, Marianela Vieira, accesorios, featured, bestseller",TRUE,Talla,M,MV-ACC-044,51.00,20,https://images.unsplash.com/photo-1524504388940-b1c1722653e1?auto=format&fit=crop&w=900&q=80
accesorios-baya-45,Accesorios Baya 45,"<p>Accesorios Baya 45 de Marianela Vieira. Diseño moderno con cortes cuidadosos, acabados premium y un ajuste pensado para sentir confianza y comodidad.</p>",Marianela Vieira,Accesorios,Ropa,"Accesorios, Marianela Vieira, accesorios, featured, sale",TRUE,Talla,M,MV-ACC-045,54.00,20,https://images.unsplash.com/photo-1524504388940-b1c1722653e1?auto=format&fit=crop&w=900&q=80
accesorios-noche-46,Accesorios Noche 46,"<p>Accesorios Noche 46 de Marianela Vieira. Diseño moderno con cortes cuidadosos, acabados premium y un ajuste pensado para sentir confianza y comodidad.</p>",Marianela Vieira,Accesorios,Ropa,"Accesorios, Marianela Vieira, accesorios, featured, bestseller",TRUE,Talla,M,MV-ACC-046,57.00,20,https://images.unsplash.com/photo-1524504388940-b1c1722653e1?auto=format&fit=crop&w=900&q=80
accesorios-pera-47,Accesorios Pera 47,"<p>Accesorios Pera 47 de Marianela Vieira. Diseño moderno con cortes cuidadosos, acabados premium y un ajuste pensado para sentir confianza y comodidad.</p>",Marianela Vieira,Accesorios,Ropa,"Accesorios, Marianela Vieira, accesorios, featured, bestseller",TRUE,Talla,M,MV-ACC-047,60.00,20,https://images.unsplash.com/photo-1524504388940-b1c1722653e1?auto=format&fit=crop&w=900&q=80
accesorios-solei-48,Accesorios Solei 48,"<p>Accesorios Solei 48 de Marianela Vieira. Diseño moderno con cortes cuidadosos, acabados premium y un ajuste pensado para sentir confianza y comodidad.</p>",Marianela Vieira,Accesorios,Ropa,"Accesorios, Marianela Vieira, accesorios, featured, bestseller",TRUE,Talla,M,MV-ACC-048,45.00,20,https://images.unsplash.com/photo-1524504388940-b1c1722653e1?auto=format&fit=crop&w=900&q=80
accesorios-luna-49,Accesorios Luna 49,"<p>Accesorios Luna 49 de Marianela Vieira. Diseño moderno con cortes cuidadosos, acabados premium y un ajuste pensado para sentir confianza y comodidad.</p>",Marianela Vieira,Accesorios,Ropa,"Accesorios, Marianela Vieira, accesorios, featured, bestseller",TRUE,Talla,M,MV-ACC-049,48.00,20,https://images.unsplash.com/photo-1524504388940-b1c1722653e1?auto=format&fit=crop&w=900&q=80
accesorios-gala-50,Accesorios Gala 50,"<p>Accesorios Gala 50 de Marianela Vieira. Diseño moderno con cortes cuidadosos, acabados premium y un ajuste pensado para sentir confianza y comodidad.</p>",Marianela Vieira,Accesorios,Ropa,"Accesorios, Marianela Vieira, accesorios, featured, bestseller",TRUE,Talla,M,MV-ACC-050,51.00,20,https://images.unsplash.com/photo-1524504388940-b1c1722653e1?auto=format&fit=crop&w=900&q=80
